start,factor,move,step,tries,acceptance,blocked,msjd,sec_per_cycle
lat_tilt00,0.25,rot,0.25,1620,0.7043209876543209,0.0,0.01202465315948755,2.4807156883335364
lat_tilt00,0.25,latrot,0.125,60,0.11666666666666667,0.0,5.712768835540305e-06,2.4807156883335364
lat_tilt00,0.25,cotilt,1.5,60,0.9333333333333333,0.0,0.6655729214451297,2.4807156883335364
lat_tilt00,0.25,gamma,0.25,60,0.7333333333333333,0.0,0.011381221187673906,2.4807156883335364
lat_tilt00,0.5,rot,0.5,1620,0.5709876543209876,0.0,0.03592281371380273,2.6914449416683057
lat_tilt00,0.5,latrot,0.25,60,0.06666666666666667,0.0,9.809822782337612e-06,2.6914449416683057
lat_tilt00,0.5,cotilt,3.0,60,0.75,0.0,1.8457338003091432,2.6914449416683057
lat_tilt00,0.5,gamma,0.5,60,0.6333333333333333,0.0,0.051724825087586336,2.6914449416683057
lat_tilt00,1.0,rot,1.0,1620,0.4024691358024691,0.0,0.07686379107517675,2.524674823334984
lat_tilt00,1.0,latrot,0.5,60,0.016666666666666666,0.0,2.8365348273914894e-06,2.524674823334984
lat_tilt00,1.0,cotilt,6.0,60,0.5666666666666667,0.0,3.9785863056201767,2.524674823334984
lat_tilt00,1.0,gamma,1.0,60,0.7333333333333333,0.0,0.22181370641442488,2.524674823334984
lat_tilt00,2.0,rot,2.0,1620,0.21728395061728395,0.0,0.07921400206529565,2.4165174483341008
lat_tilt00,2.0,latrot,1.0,60,0.0,0.0,0.0,2.4165174483341008
lat_tilt00,2.0,cotilt,12.0,60,0.31666666666666665,0.0,10.810900405385032,2.4165174483341008
lat_tilt00,2.0,gamma,2.0,60,0.3333333333333333,0.0,0.2869314324059626,2.4165174483341008
lat_tilt00,4.0,rot,4.0,1620,0.12222222222222222,0.0,0.08530263503911674,2.2951219966673913
lat_tilt00,4.0,latrot,2.0,60,0.0,0.0,0.0,2.2951219966673913
lat_tilt00,4.0,cotilt,24.0,60,0.23333333333333334,0.0,7.480529874116262,2.2951219966673913
lat_tilt00,4.0,gamma,4.0,60,0.38333333333333336,0.0,0.6785368956036856,2.2951219966673913
lat_tilt00,8.0,rot,8.0,1620,0.06111111111111111,0.0,0.0340019035941368,2.371208536667594
lat_tilt00,8.0,latrot,4.0,60,0.0,0.0,0.0,2.371208536667594
lat_tilt00,8.0,cotilt,48.0,60,0.18333333333333332,0.0,10.395638468825304,2.371208536667594
lat_tilt00,8.0,gamma,8.0,60,0.1,0.0,0.354916430173877,2.371208536667594
lat_tilt20,0.25,rot,0.25,1620,0.7598765432098765,0.0,0.013276035872257102,2.554164663333601
lat_tilt20,0.25,latrot,0.125,60,0.06666666666666667,0.0,1.5737956453307656e-05,2.554164663333601
lat_tilt20,0.25,cotilt,1.5,60,0.9166666666666666,0.0,0.802909295222688,2.554164663333601
lat_tilt20,0.25,gamma,0.25,60,0.8333333333333334,0.0,0.01595486425648252,2.554164663333601
lat_tilt20,0.5,rot,0.5,1620,0.6185185185185185,0.0,0.037288539565721,2.4174910533338942
lat_tilt20,0.5,latrot,0.25,60,0.06666666666666667,0.0,5.068758798021076e-06,2.4174910533338942
lat_tilt20,0.5,cotilt,3.0,60,0.7,0.0,2.1222462942396474,2.4174910533338942
lat_tilt20,0.5,gamma,0.5,60,0.8333333333333334,0.0,0.06780844351992601,2.4174910533338942
lat_tilt20,1.0,rot,1.0,1620,0.3888888888888889,0.0,0.07088655849489242,2.5012543216658134
lat_tilt20,1.0,latrot,0.5,60,0.03333333333333333,0.0,1.911888072644702e-05,2.5012543216658134
lat_tilt20,1.0,cotilt,6.0,60,0.5,0.0,4.71489508278934,2.5012543216658134
lat_tilt20,1.0,gamma,1.0,60,0.5666666666666667,0.0,0.12807091143815916,2.5012543216658134
lat_tilt20,2.0,rot,2.0,1620,0.2302469135802469,0.0,0.08974366122082576,2.5879298533332378
lat_tilt20,2.0,latrot,1.0,60,0.016666666666666666,0.0,1.1907345057904527e-08,2.5879298533332378
lat_tilt20,2.0,cotilt,12.0,60,0.3333333333333333,0.0,5.4871666953421,2.5879298533332378
lat_tilt20,2.0,gamma,2.0,60,0.21666666666666667,0.0,0.16113184466261707,2.5879298533332378
lat_tilt20,4.0,rot,4.0,1620,0.1154320987654321,0.0,0.08270364937384185,2.3540049699988836
lat_tilt20,4.0,latrot,2.0,60,0.016666666666666666,0.0,1.6063985958888328e-07,2.3540049699988836
lat_tilt20,4.0,cotilt,24.0,60,0.21666666666666667,0.0,14.155148374084469,2.3540049699988836
lat_tilt20,4.0,gamma,4.0,60,0.38333333333333336,0.0,0.8379235893393495,2.3540049699988836
lat_tilt20,8.0,rot,8.0,1620,0.047530864197530866,0.0,0.07504362127680327,2.7670943400007673
lat_tilt20,8.0,latrot,4.0,60,0.0,0.0,0.0,2.7670943400007673
lat_tilt20,8.0,cotilt,48.0,60,0.08333333333333333,0.0,10.254297729086527,2.7670943400007673
lat_tilt20,8.0,gamma,8.0,60,0.06666666666666667,0.0,0.015684632118430564,2.7670943400007673
lat_tilt40,0.25,rot,0.25,1620,0.7530864197530864,0.0,0.012972466681413485,2.694929626667484
lat_tilt40,0.25,latrot,0.125,60,0.15,0.0,0.00020554058676062112,2.694929626667484
lat_tilt40,0.25,cotilt,1.5,60,0.7,0.0,0.49836075108468075,2.694929626667484
lat_tilt40,0.25,gamma,0.25,60,0.85,0.0,0.0169015949248083,2.694929626667484
lat_tilt40,0.5,rot,0.5,1620,0.5444444444444444,0.0,0.03255955558542848,2.4773634916656495
lat_tilt40,0.5,latrot,0.25,60,0.06666666666666667,0.0,3.5922602617212024e-05,2.4773634916656495
lat_tilt40,0.5,cotilt,3.0,60,0.75,0.0,2.3478092706901115,2.4773634916656495
lat_tilt40,0.5,gamma,0.5,60,0.7,0.0,0.04560788952142924,2.4773634916656495
lat_tilt40,1.0,rot,1.0,1620,0.3814814814814815,0.0,0.07377965561483667,2.755964844999835
lat_tilt40,1.0,latrot,0.5,60,0.016666666666666666,0.0,6.5576254417642e-07,2.755964844999835
lat_tilt40,1.0,cotilt,6.0,60,0.7,0.0,7.3012209508027786,2.755964844999835
lat_tilt40,1.0,gamma,1.0,60,0.3,0.0,0.07132451623503325,2.755964844999835
lat_tilt40,2.0,rot,2.0,1620,0.21049382716049383,0.0,0.07757628730607173,2.5841161066666247
lat_tilt40,2.0,latrot,1.0,60,0.016666666666666666,0.0,1.858352966431184e-05,2.5841161066666247
lat_tilt40,2.0,cotilt,12.0,60,0.36666666666666664,0.0,10.960985409482744,2.5841161066666247
lat_tilt40,2.0,gamma,2.0,60,0.45,0.0,0.3286546169540176,2.5841161066666247
lat_tilt40,4.0,rot,4.0,1620,0.10679012345679012,0.0,0.06712426814684148,1.24573575000007
lat_tilt40,4.0,latrot,2.0,60,0.0,0.0,0.0,1.24573575000007
lat_tilt40,4.0,cotilt,24.0,60,0.11666666666666667,0.0,4.187703175064003,1.24573575000007
lat_tilt40,4.0,gamma,4.0,60,0.35,0.0,0.6020018616342983,1.24573575000007
lat_tilt40,8.0,rot,8.0,1620,0.06296296296296296,0.0,0.045256781312951994,1.2951095649991962
lat_tilt40,8.0,latrot,4.0,60,0.0,0.0,0.0,1.2951095649991962
lat_tilt40,8.0,cotilt,48.0,60,0.11666666666666667,0.0,2.3579472851703036,1.2951095649991962
lat_tilt40,8.0,gamma,8.0,60,0.03333333333333333,0.0,0.015801346046068393,1.2951095649991962
lat_tilt60,0.25,rot,0.25,1620,0.7395061728395061,0.0,0.01322563274203041,1.3050782383341963
lat_tilt60,0.25,latrot,0.125,60,0.06666666666666667,0.0,0.00013398941508431715,1.3050782383341963
lat_tilt60,0.25,cotilt,1.5,60,0.8,0.0,0.6580318423123231,1.3050782383341963
lat_tilt60,0.25,gamma,0.25,60,0.9,0.0,0.018933380856330503,1.3050782383341963
lat_tilt60,0.5,rot,0.5,1620,0.5882716049382716,0.0,0.03556938958023061,1.290015826667271
lat_tilt60,0.5,latrot,0.25,60,0.11666666666666667,0.0,0.00019835789759918356,1.290015826667271
lat_tilt60,0.5,cotilt,3.0,60,0.7166666666666667,0.0,1.6331748257384293,1.290015826667271
lat_tilt60,0.5,gamma,0.5,60,0.7666666666666667,0.0,0.05372836199474891,1.290015826667271
lat_tilt60,1.0,rot,1.0,1620,0.40370370370370373,0.0,0.07420825492286705,1.264408434999253
lat_tilt60,1.0,latrot,0.5,60,0.0,0.0,0.0,1.264408434999253
lat_tilt60,1.0,cotilt,6.0,60,0.6666666666666666,0.0,7.219183961396146,1.264408434999253
lat_tilt60,1.0,gamma,1.0,60,0.5666666666666667,0.0,0.17914020347618534,1.264408434999253
lat_tilt60,2.0,rot,2.0,1620,0.26296296296296295,0.0,0.10069766619722924,1.2581376833317335
lat_tilt60,2.0,latrot,1.0,60,0.03333333333333333,0.0,3.492703929374103e-05,1.2581376833317335
lat_tilt60,2.0,cotilt,12.0,60,0.4166666666666667,0.0,10.088826009168631,1.2581376833317335
lat_tilt60,2.0,gamma,2.0,60,0.4,0.0,0.299105202159193,1.2581376833317335
lat_tilt60,4.0,rot,4.0,1620,0.12530864197530864,0.0,0.11471170963598967,1.2404014716662155
lat_tilt60,4.0,latrot,2.0,60,0.0,0.0,0.0,1.2404014716662155
lat_tilt60,4.0,cotilt,24.0,60,0.3333333333333333,0.0,14.534455315756407,1.2404014716662155
lat_tilt60,4.0,gamma,4.0,60,0.3333333333333333,0.0,0.6870082241602188,1.2404014716662155
lat_tilt60,8.0,rot,8.0,1620,0.05185185185185185,0.0,0.044719542487134965,1.292613764999745
lat_tilt60,8.0,latrot,4.0,60,0.016666666666666666,0.0,1.0286236928284151e-06,1.292613764999745
lat_tilt60,8.0,cotilt,48.0,60,0.11666666666666667,0.0,3.13611806826697,1.292613764999745
lat_tilt60,8.0,gamma,8.0,60,0.016666666666666666,0.0,0.0004382274001546275,1.292613764999745
