start,seed,sweeps,name,elapsed_sec,init_mode,E_mean,body_tilt_mean,sl_pca_tilt_mean,rg_nm_mean,acc_dip,acc_cotilt
compact_aligned,11,1,m1_compact_aligned_s11,23.5931183998473,random,-648.333701993604,0.0,0.0,29.698273490048226,0.7198888888888889,0.0
compact_aligned,12,1,m1_compact_aligned_s12,27.316335999872535,field,-648.4130409100939,0.0,0.0,29.698273490048226,0.7167777777777777,0.0
compact_aligned,13,1,m1_compact_aligned_s13,26.910789200104773,anti_field,-647.7083695454434,0.0,0.0,29.698273490048226,0.7214259259259259,0.0
compact_aligned,14,1,m1_compact_aligned_s14,27.549834799952805,body_easy,-648.3289302113451,0.0,0.0,29.698273490048226,0.716,0.0
compact_tilted40,11,1,m1_compact_tilted40_s11,23.671151400078088,random,-584.5388855218961,39.99999999999999,40.00000000000001,29.698273490048226,0.7461481481481481,0.0
compact_tilted40,12,1,m1_compact_tilted40_s12,25.822401699610054,field,-582.9962392109373,39.99999999999999,40.00000000000001,29.698273490048226,0.7429814814814815,0.0
compact_tilted40,13,1,m1_compact_tilted40_s13,26.55204650014639,anti_field,-583.7766112902475,39.99999999999999,40.00000000000001,29.698273490048226,0.7433518518518518,0.0
compact_tilted40,14,1,m1_compact_tilted40_s14,23.308114499785006,body_easy,-584.3528636634039,39.99999999999999,40.00000000000001,29.698273490048226,0.7489629629629629,0.0
expanded_aligned,11,1,m1_expanded_aligned_s11,26.65578949963674,random,-612.7397864325692,0.0,0.0,32.074135369252076,0.7223518518518518,0.0
expanded_aligned,12,1,m1_expanded_aligned_s12,27.403768999967724,field,-613.67845067527,0.0,0.0,32.074135369252076,0.7174814814814815,0.0
expanded_aligned,13,1,m1_expanded_aligned_s13,23.528293499723077,anti_field,-613.6076631744805,0.0,0.0,32.074135369252076,0.7209814814814814,0.0
expanded_aligned,14,1,m1_expanded_aligned_s14,26.75480580003932,body_easy,-612.9653941181082,0.0,0.0,32.074135369252076,0.7180185185185185,0.0
expanded_tilted,11,1,m1_expanded_tilted_s11,27.07521150028333,random,-549.026390148852,39.99999999999999,39.99999999999999,32.074135369252076,0.7577222222222222,0.0
expanded_tilted,12,1,m1_expanded_tilted_s12,26.642619300168008,field,-550.1656570769578,39.99999999999999,39.99999999999999,32.074135369252076,0.7531851851851852,0.0
expanded_tilted,13,1,m1_expanded_tilted_s13,25.82165509974584,anti_field,-550.0849835531244,39.99999999999999,39.99999999999999,32.074135369252076,0.7565185185185185,0.0
expanded_tilted,14,1,m1_expanded_tilted_s14,27.34003059985116,body_easy,-547.8866149107965,39.99999999999999,39.99999999999999,32.074135369252076,0.7514444444444445,0.0
compact_aligned,11,5,m5_compact_aligned_s11,64.29706360027194,random,-648.4100961797894,0.0,0.0,29.698273490048226,0.7169703703703704,0.0
compact_aligned,12,5,m5_compact_aligned_s12,61.5942825996317,field,-648.5976648889348,0.0,0.0,29.698273490048226,0.7152703703703703,0.0
compact_aligned,13,5,m5_compact_aligned_s13,60.117262199986726,anti_field,-648.282140372584,0.0,0.0,29.698273490048226,0.7158925925925926,0.0
compact_aligned,14,5,m5_compact_aligned_s14,61.148962300270796,body_easy,-648.8052293041804,0.0,0.0,29.698273490048226,0.7149,0.0
compact_tilted40,11,5,m5_compact_tilted40_s11,63.42134669981897,random,-585.1875800065413,39.99999999999999,40.00000000000001,29.698273490048226,0.7436703703703703,0.0
compact_tilted40,12,5,m5_compact_tilted40_s12,61.577786499634385,field,-584.6166412422184,39.99999999999999,40.00000000000001,29.698273490048226,0.7463814814814815,0.0
compact_tilted40,13,5,m5_compact_tilted40_s13,61.586802899837494,anti_field,-584.2818319136865,39.99999999999999,40.00000000000001,29.698273490048226,0.7449740740740741,0.0
compact_tilted40,14,5,m5_compact_tilted40_s14,64.68817970016971,body_easy,-584.0013958026907,39.99999999999999,40.00000000000001,29.698273490048226,0.7468777777777778,0.0
expanded_aligned,11,5,m5_expanded_aligned_s11,61.84366749972105,random,-613.6070167646448,0.0,0.0,32.074135369252076,0.7192,0.0
expanded_aligned,12,5,m5_expanded_aligned_s12,63.780587300192565,field,-613.6225567502969,0.0,0.0,32.074135369252076,0.7198851851851852,0.0
expanded_aligned,13,5,m5_expanded_aligned_s13,61.86591249983758,anti_field,-613.4456469023382,0.0,0.0,32.074135369252076,0.7197222222222223,0.0
expanded_aligned,14,5,m5_expanded_aligned_s14,61.52584239980206,body_easy,-614.1221644808815,0.0,0.0,32.074135369252076,0.7187740740740741,0.0
expanded_tilted,11,5,m5_expanded_tilted_s11,60.689244399778545,random,-548.5325331749987,39.99999999999999,39.99999999999999,32.074135369252076,0.7524185185185185,0.0
expanded_tilted,12,5,m5_expanded_tilted_s12,64.13388379989192,field,-549.2904784424678,39.99999999999999,39.99999999999999,32.074135369252076,0.7503074074074074,0.0
expanded_tilted,13,5,m5_expanded_tilted_s13,61.47907919995487,anti_field,-548.7324407898085,39.99999999999999,39.99999999999999,32.074135369252076,0.7525,0.0
expanded_tilted,14,5,m5_expanded_tilted_s14,64.39472910016775,body_easy,-548.9718676308795,39.99999999999999,39.99999999999999,32.074135369252076,0.7523740740740741,0.0
compact_aligned,11,10,m10_compact_aligned_s11,109.1642827000469,random,-648.431329848537,0.0,0.0,29.698273490048226,0.7151962962962963,0.0
compact_aligned,12,10,m10_compact_aligned_s12,104.04310530005023,field,-648.532505815324,0.0,0.0,29.698273490048226,0.7161111111111111,0.0
compact_aligned,13,10,m10_compact_aligned_s13,110.55203399993479,anti_field,-648.0276640437478,0.0,0.0,29.698273490048226,0.7148851851851852,0.0
compact_aligned,14,10,m10_compact_aligned_s14,104.22151379985735,body_easy,-648.5697834796898,0.0,0.0,29.698273490048226,0.7157722222222223,0.0
compact_tilted40,11,10,m10_compact_tilted40_s11,110.06601179996505,random,-584.0572778800147,39.99999999999999,40.00000000000001,29.698273490048226,0.7444092592592593,0.0
compact_tilted40,12,10,m10_compact_tilted40_s12,108.52527989959344,field,-583.7704372679578,39.99999999999999,40.00000000000001,29.698273490048226,0.7456481481481482,0.0
compact_tilted40,13,10,m10_compact_tilted40_s13,107.02041619969532,anti_field,-584.1758817938424,39.99999999999999,40.00000000000001,29.698273490048226,0.7455185185185185,0.0
compact_tilted40,14,10,m10_compact_tilted40_s14,107.93023920012638,body_easy,-584.1006761692107,39.99999999999999,40.00000000000001,29.698273490048226,0.7456962962962963,0.0
expanded_aligned,11,10,m10_expanded_aligned_s11,104.2822917997837,random,-613.3956358097741,0.0,0.0,32.074135369252076,0.7200481481481481,0.0
expanded_aligned,12,10,m10_expanded_aligned_s12,103.09570610010996,field,-613.6137124787559,0.0,0.0,32.074135369252076,0.72065,0.0
expanded_aligned,13,10,m10_expanded_aligned_s13,105.44595640012994,anti_field,-613.7363634848986,0.0,0.0,32.074135369252076,0.7192462962962963,0.0
expanded_aligned,14,10,m10_expanded_aligned_s14,102.60654130019248,body_easy,-612.919826936238,0.0,0.0,32.074135369252076,0.7185962962962963,0.0
expanded_tilted,11,10,m10_expanded_tilted_s11,108.3536472003907,random,-548.7687622365941,39.99999999999999,39.99999999999999,32.074135369252076,0.7532166666666666,0.0
expanded_tilted,12,10,m10_expanded_tilted_s12,110.23220589989796,field,-549.0870359240088,39.99999999999999,39.99999999999999,32.074135369252076,0.7524592592592593,0.0
expanded_tilted,13,10,m10_expanded_tilted_s13,105.05203609960154,anti_field,-548.437808132424,39.99999999999999,39.99999999999999,32.074135369252076,0.753662962962963,0.0
expanded_tilted,14,10,m10_expanded_tilted_s14,110.51448500016704,body_easy,-548.8305789499445,39.99999999999999,39.99999999999999,32.074135369252076,0.7530166666666667,0.0
