start,seed,sweeps,name,cycle_first,cycle_last,energy_kBT,local_beta_deg,body_tilt_deg,sl_pca_tilt_deg,body_sl_difference_deg,body_sl_axis_angle_deg,magnetization,abs_muB,body_order,sl_pca_order,min_gap_nm,rg_nm
compact_aligned,11,1,m1_compact_aligned_s11,501,1250,-648.0986078631104,12.975518630414081,0.0,0.0,0.0,0.0,0.9640754378618064,0.9640754378618064,1.0000000000000002,0.2722841219061268,1.8284388226959427,29.698273490048226
compact_aligned,11,1,m1_compact_aligned_s11,1251,2000,-648.5687961240976,13.027830795772402,0.0,0.0,0.0,0.0,0.9649815281682286,0.9649815281682286,1.0000000000000002,0.2722841219061268,1.8284388226959427,29.698273490048226
compact_aligned,12,1,m1_compact_aligned_s12,501,1250,-648.8448401747881,12.636048280021509,0.0,0.0,0.0,0.0,0.9673961697994647,0.9673961697994647,1.0000000000000002,0.2722841219061268,1.8284388226959427,29.698273490048226
compact_aligned,12,1,m1_compact_aligned_s12,1251,2000,-647.9812416453997,12.9566224972674,0.0,0.0,0.0,0.0,0.9647442751281968,0.9647442751281968,1.0000000000000002,0.2722841219061268,1.8284388226959427,29.698273490048226
compact_aligned,13,1,m1_compact_aligned_s13,501,1250,-648.282061811958,13.057745742405132,0.0,0.0,0.0,0.0,0.9648563272246485,0.9648563272246485,1.0000000000000002,0.2722841219061268,1.8284388226959427,29.698273490048226
compact_aligned,13,1,m1_compact_aligned_s13,1251,2000,-647.1346772789287,13.344786542233548,0.0,0.0,0.0,0.0,0.9613461115410303,0.9613461115410303,1.0000000000000002,0.2722841219061268,1.8284388226959427,29.698273490048226
compact_aligned,14,1,m1_compact_aligned_s14,501,1250,-648.9258617537484,12.924204105461463,0.0,0.0,0.0,0.0,0.965097275230218,0.965097275230218,1.0000000000000002,0.2722841219061268,1.8284388226959427,29.698273490048226
compact_aligned,14,1,m1_compact_aligned_s14,1251,2000,-647.7319986689416,12.818724378778565,0.0,0.0,0.0,0.0,0.965426461432823,0.965426461432823,1.0000000000000002,0.2722841219061268,1.8284388226959427,29.698273490048226
compact_tilted40,11,1,m1_compact_tilted40_s11,501,1250,-583.7411487098201,26.066379167935004,39.99999999999999,40.00000000000001,-2.1316282072803006e-14,0.0,0.8413719886163553,0.8413719886163553,1.0000000000000002,0.2722841219061269,1.8284388226959427,29.698273490048226
compact_tilted40,11,1,m1_compact_tilted40_s11,1251,2000,-585.336622333972,25.90891703495908,39.99999999999999,40.00000000000001,-2.1316282072803006e-14,0.0,0.828243674725593,0.828243674725593,1.0000000000000002,0.2722841219061269,1.8284388226959427,29.698273490048226
compact_tilted40,12,1,m1_compact_tilted40_s12,501,1250,-584.5414886069238,26.59171985194996,39.99999999999999,40.00000000000001,-2.1316282072803006e-14,0.0,0.8309491982912286,0.8309491982912286,1.0000000000000002,0.2722841219061269,1.8284388226959427,29.698273490048226
compact_tilted40,12,1,m1_compact_tilted40_s12,1251,2000,-581.4509898149507,29.290751007495487,39.99999999999999,40.00000000000001,-2.1316282072803006e-14,0.0,0.8252738014827634,0.8252738014827634,1.0000000000000002,0.2722841219061269,1.8284388226959427,29.698273490048226
compact_tilted40,13,1,m1_compact_tilted40_s13,501,1250,-582.1787387937558,26.228605008000688,39.99999999999999,40.00000000000001,-2.1316282072803006e-14,0.0,0.8339204538061286,0.8339204538061286,1.0000000000000002,0.2722841219061269,1.8284388226959427,29.698273490048226
compact_tilted40,13,1,m1_compact_tilted40_s13,1251,2000,-585.3744837867392,26.006188664564082,39.99999999999999,40.00000000000001,-2.1316282072803006e-14,0.0,0.8397820274937904,0.8397820274937904,1.0000000000000002,0.2722841219061269,1.8284388226959427,29.698273490048226
compact_tilted40,14,1,m1_compact_tilted40_s14,501,1250,-583.9034019694664,27.211790712098733,39.99999999999999,40.00000000000001,-2.1316282072803006e-14,0.0,0.828343810731248,0.828343810731248,1.0000000000000002,0.2722841219061269,1.8284388226959427,29.698273490048226
compact_tilted40,14,1,m1_compact_tilted40_s14,1251,2000,-584.8023253573415,25.48506531798411,39.99999999999999,40.00000000000001,-2.1316282072803006e-14,0.0,0.839256733087174,0.839256733087174,1.0000000000000002,0.2722841219061269,1.8284388226959427,29.698273490048226
expanded_aligned,11,1,m1_expanded_aligned_s11,501,1250,-612.8174286810444,12.693605762128932,0.0,0.0,0.0,0.0,0.9673275029392728,0.9673275029392728,1.0000000000000002,0.2722841219061269,3.523140224037568,32.074135369252076
expanded_aligned,11,1,m1_expanded_aligned_s11,1251,2000,-612.6621441840941,12.769830948091538,0.0,0.0,0.0,0.0,0.9671434083123515,0.9671434083123515,1.0000000000000002,0.2722841219061269,3.523140224037568,32.074135369252076
expanded_aligned,12,1,m1_expanded_aligned_s12,501,1250,-614.7498196076913,12.306453292015144,0.0,0.0,0.0,0.0,0.969252438099497,0.969252438099497,1.0000000000000002,0.2722841219061269,3.523140224037568,32.074135369252076
expanded_aligned,12,1,m1_expanded_aligned_s12,1251,2000,-612.6070817428485,12.783729738977714,0.0,0.0,0.0,0.0,0.9658325051144302,0.9658325051144302,1.0000000000000002,0.2722841219061269,3.523140224037568,32.074135369252076
expanded_aligned,13,1,m1_expanded_aligned_s13,501,1250,-612.9918350990575,12.591802137452614,0.0,0.0,0.0,0.0,0.9681328368760227,0.9681328368760227,1.0000000000000002,0.2722841219061269,3.523140224037568,32.074135369252076
expanded_aligned,13,1,m1_expanded_aligned_s13,1251,2000,-614.2234912499038,12.31172208543536,0.0,0.0,0.0,0.0,0.9688299141478183,0.9688299141478183,1.0000000000000002,0.2722841219061269,3.523140224037568,32.074135369252076
expanded_aligned,14,1,m1_expanded_aligned_s14,501,1250,-613.0221614281121,12.581248213473664,0.0,0.0,0.0,0.0,0.9680908904848123,0.9680908904848123,1.0000000000000002,0.2722841219061269,3.523140224037568,32.074135369252076
expanded_aligned,14,1,m1_expanded_aligned_s14,1251,2000,-612.9086268081043,12.908466969027497,0.0,0.0,0.0,0.0,0.965610137819505,0.965610137819505,1.0000000000000002,0.2722841219061269,3.523140224037568,32.074135369252076
expanded_tilted,11,1,m1_expanded_tilted_s11,501,1250,-549.0331295650928,25.92065702759276,39.99999999999999,39.99999999999999,-7.105427357601002e-15,0.0,0.850837239191054,0.850837239191054,1.0000000000000002,0.2722841219061268,3.5231402240375576,32.074135369252076
expanded_tilted,11,1,m1_expanded_tilted_s11,1251,2000,-549.0196507326111,26.285125750731872,39.99999999999999,39.99999999999999,-7.105427357601002e-15,0.0,0.8459739557166955,0.8459739557166955,1.0000000000000002,0.2722841219061268,3.5231402240375576,32.074135369252076
expanded_tilted,12,1,m1_expanded_tilted_s12,501,1250,-550.3674292144381,24.80824014887632,39.99999999999999,39.99999999999999,-7.105427357601002e-15,0.0,0.8551309103511519,0.8551309103511519,1.0000000000000002,0.2722841219061268,3.5231402240375576,32.074135369252076
expanded_tilted,12,1,m1_expanded_tilted_s12,1251,2000,-549.9638849394775,24.956673733367875,39.99999999999999,39.99999999999999,-7.105427357601002e-15,0.0,0.8548618600253824,0.8548618600253824,1.0000000000000002,0.2722841219061268,3.5231402240375576,32.074135369252076
expanded_tilted,13,1,m1_expanded_tilted_s13,501,1250,-550.9420539066004,24.088137252106677,39.99999999999999,39.99999999999999,-7.105427357601002e-15,0.0,0.8470298944709936,0.8470298944709936,1.0000000000000002,0.2722841219061268,3.5231402240375576,32.074135369252076
expanded_tilted,13,1,m1_expanded_tilted_s13,1251,2000,-549.2279131996482,25.266654617311204,39.99999999999999,39.99999999999999,-7.105427357601002e-15,0.0,0.8508838206234928,0.8508838206234928,1.0000000000000002,0.2722841219061268,3.5231402240375576,32.074135369252076
expanded_tilted,14,1,m1_expanded_tilted_s14,501,1250,-546.6574784694269,27.850690443178774,39.99999999999999,39.99999999999999,-7.105427357601002e-15,0.0,0.8371154516366076,0.8371154516366076,1.0000000000000002,0.2722841219061268,3.5231402240375576,32.074135369252076
expanded_tilted,14,1,m1_expanded_tilted_s14,1251,2000,-549.1157513521663,25.510047870900095,39.99999999999999,39.99999999999999,-7.105427357601002e-15,0.0,0.8493836418961143,0.8493836418961143,1.0000000000000002,0.2722841219061268,3.5231402240375576,32.074135369252076
compact_aligned,11,5,m5_compact_aligned_s11,501,1250,-647.9595742517226,13.004337408651416,0.0,0.0,0.0,0.0,0.9651115336428013,0.9651144988154304,1.0000000000000002,0.2722841219061268,1.8284388226959427,29.698273490048226
compact_aligned,11,5,m5_compact_aligned_s11,1251,2000,-648.8606181078561,12.813305913850748,0.0,0.0,0.0,0.0,0.9661134070462891,0.9661134070462891,1.0000000000000002,0.2722841219061268,1.8284388226959427,29.698273490048226
compact_aligned,12,5,m5_compact_aligned_s12,501,1250,-648.2139516530395,12.865499982483595,0.0,0.0,0.0,0.0,0.9656602511662314,0.9656602511662314,1.0000000000000002,0.2722841219061268,1.8284388226959427,29.698273490048226
compact_aligned,12,5,m5_compact_aligned_s12,1251,2000,-648.98137812483,12.680286545197475,0.0,0.0,0.0,0.0,0.9668697621026919,0.9668697621026919,1.0000000000000002,0.2722841219061268,1.8284388226959427,29.698273490048226
compact_aligned,13,5,m5_compact_aligned_s13,501,1250,-648.6464152071818,12.81258800398911,0.0,0.0,0.0,0.0,0.965818827740158,0.965818827740158,1.0000000000000002,0.2722841219061268,1.8284388226959427,29.698273490048226
compact_aligned,13,5,m5_compact_aligned_s13,1251,2000,-647.9178655379861,12.895076299103899,0.0,0.0,0.0,0.0,0.965849301128881,0.965849301128881,1.0000000000000002,0.2722841219061268,1.8284388226959427,29.698273490048226
compact_aligned,14,5,m5_compact_aligned_s14,501,1250,-648.7100653812154,12.80130884034435,0.0,0.0,0.0,0.0,0.9661512416564362,0.9661512416564362,1.0000000000000002,0.2722841219061268,1.8284388226959427,29.698273490048226
compact_aligned,14,5,m5_compact_aligned_s14,1251,2000,-648.9003932271454,12.720023903043,0.0,0.0,0.0,0.0,0.9668649457167218,0.9668649457167218,1.0000000000000002,0.2722841219061268,1.8284388226959427,29.698273490048226
compact_tilted40,11,5,m5_compact_tilted40_s11,501,1250,-585.6032469795152,25.210039838100425,39.99999999999999,40.00000000000001,-2.1316282072803006e-14,0.0,0.8417295822482039,0.8417295822482039,1.0000000000000002,0.2722841219061269,1.8284388226959427,29.698273490048226
compact_tilted40,11,5,m5_compact_tilted40_s11,1251,2000,-584.7719130335676,26.3645552319056,39.99999999999999,40.00000000000001,-2.1316282072803006e-14,0.0,0.8315302529283397,0.8315302529283397,1.0000000000000002,0.2722841219061269,1.8284388226959427,29.698273490048226
compact_tilted40,12,5,m5_compact_tilted40_s12,501,1250,-584.1448929291183,25.42815401258606,39.99999999999999,40.00000000000001,-2.1316282072803006e-14,0.0,0.8377604669434742,0.8377604669434742,1.0000000000000002,0.2722841219061269,1.8284388226959427,29.698273490048226
compact_tilted40,12,5,m5_compact_tilted40_s12,1251,2000,-585.0883895553185,25.082316109033346,39.99999999999999,40.00000000000001,-2.1316282072803006e-14,0.0,0.8404041074982076,0.8404041074982076,1.0000000000000002,0.2722841219061269,1.8284388226959427,29.698273490048226
compact_tilted40,13,5,m5_compact_tilted40_s13,501,1250,-583.788789982181,26.570058693087223,39.99999999999999,40.00000000000001,-2.1316282072803006e-14,0.0,0.8359633663186611,0.8359688325413834,1.0000000000000002,0.2722841219061269,1.8284388226959427,29.698273490048226
compact_tilted40,13,5,m5_compact_tilted40_s13,1251,2000,-584.7748738451918,25.89284349687115,39.99999999999999,40.00000000000001,-2.1316282072803006e-14,0.0,0.8394811167874573,0.8394811167874573,1.0000000000000002,0.2722841219061269,1.8284388226959427,29.698273490048226
compact_tilted40,14,5,m5_compact_tilted40_s14,501,1250,-583.6654248205318,26.306525353289015,39.99999999999999,40.00000000000001,-2.1316282072803006e-14,0.0,0.8346162387033331,0.8346162387033331,1.0000000000000002,0.2722841219061269,1.8284388226959427,29.698273490048226
compact_tilted40,14,5,m5_compact_tilted40_s14,1251,2000,-584.3373667848493,26.013091103142827,39.99999999999999,40.00000000000001,-2.1316282072803006e-14,0.0,0.8364748767136849,0.8364748767136849,1.0000000000000002,0.2722841219061269,1.8284388226959427,29.698273490048226
expanded_aligned,11,5,m5_expanded_aligned_s11,501,1250,-613.7853410024062,12.546144046778016,0.0,0.0,0.0,0.0,0.9676848423623762,0.9676848423623762,1.0000000000000002,0.2722841219061269,3.523140224037568,32.074135369252076
expanded_aligned,11,5,m5_expanded_aligned_s11,1251,2000,-613.4286925268833,12.667903023876034,0.0,0.0,0.0,0.0,0.967358848278971,0.967358848278971,1.0000000000000002,0.2722841219061269,3.523140224037568,32.074135369252076
expanded_aligned,12,5,m5_expanded_aligned_s12,501,1250,-613.7715097805046,12.52086869760117,0.0,0.0,0.0,0.0,0.9679958822916701,0.9679958822916701,1.0000000000000002,0.2722841219061269,3.523140224037568,32.074135369252076
expanded_aligned,12,5,m5_expanded_aligned_s12,1251,2000,-613.4736037200892,12.678508152262769,0.0,0.0,0.0,0.0,0.9669178954041525,0.9669178954041525,1.0000000000000002,0.2722841219061269,3.523140224037568,32.074135369252076
expanded_aligned,13,5,m5_expanded_aligned_s13,501,1250,-613.5673482063083,12.617170612635364,0.0,0.0,0.0,0.0,0.9675616334868129,0.9675616334868129,1.0000000000000002,0.2722841219061269,3.523140224037568,32.074135369252076
expanded_aligned,13,5,m5_expanded_aligned_s13,1251,2000,-613.3239455983681,12.670908133091448,0.0,0.0,0.0,0.0,0.9672086445549788,0.9672086445549788,1.0000000000000002,0.2722841219061269,3.523140224037568,32.074135369252076
expanded_aligned,14,5,m5_expanded_aligned_s14,501,1250,-614.1297288028826,12.461775948760492,0.0,0.0,0.0,0.0,0.9683751210935061,0.9683751210935061,1.0000000000000002,0.2722841219061269,3.523140224037568,32.074135369252076
expanded_aligned,14,5,m5_expanded_aligned_s14,1251,2000,-614.1146001588803,12.502536607764574,0.0,0.0,0.0,0.0,0.9681018057499999,0.9681018057499999,1.0000000000000002,0.2722841219061269,3.523140224037568,32.074135369252076
expanded_tilted,11,5,m5_expanded_tilted_s11,501,1250,-548.1325760841354,26.07244289699452,39.99999999999999,39.99999999999999,-7.105427357601002e-15,0.0,0.8446295874776788,0.8446295874776788,1.0000000000000002,0.2722841219061268,3.5231402240375576,32.074135369252076
expanded_tilted,11,5,m5_expanded_tilted_s11,1251,2000,-548.9324902658619,25.967176417520164,39.99999999999999,39.99999999999999,-7.105427357601002e-15,0.0,0.8464130405176702,0.8464130405176702,1.0000000000000002,0.2722841219061268,3.5231402240375576,32.074135369252076
expanded_tilted,12,5,m5_expanded_tilted_s12,501,1250,-549.3983757178503,25.264686870406745,39.99999999999999,39.99999999999999,-7.105427357601002e-15,0.0,0.8505231785363249,0.8505231785363249,1.0000000000000002,0.2722841219061268,3.5231402240375576,32.074135369252076
expanded_tilted,12,5,m5_expanded_tilted_s12,1251,2000,-549.1825811670856,25.342870654770973,39.99999999999999,39.99999999999999,-7.105427357601002e-15,0.0,0.850232930854759,0.850232930854759,1.0000000000000002,0.2722841219061268,3.5231402240375576,32.074135369252076
expanded_tilted,13,5,m5_expanded_tilted_s13,501,1250,-549.2475192003545,25.416706625737348,39.99999999999999,39.99999999999999,-7.105427357601002e-15,0.0,0.852972453731133,0.852972453731133,1.0000000000000002,0.2722841219061268,3.5231402240375576,32.074135369252076
expanded_tilted,13,5,m5_expanded_tilted_s13,1251,2000,-548.2173623792625,25.598968787108465,39.99999999999999,39.99999999999999,-7.105427357601002e-15,0.0,0.8473557285112204,0.847358037863484,1.0000000000000002,0.2722841219061268,3.5231402240375576,32.074135369252076
expanded_tilted,14,5,m5_expanded_tilted_s14,501,1250,-549.081284417846,25.63543589099328,39.99999999999999,39.99999999999999,-7.105427357601002e-15,0.0,0.8490477134899653,0.8490477134899653,1.0000000000000002,0.2722841219061268,3.5231402240375576,32.074135369252076
expanded_tilted,14,5,m5_expanded_tilted_s14,1251,2000,-548.8624508439132,25.628128611025215,39.99999999999999,39.99999999999999,-7.105427357601002e-15,0.0,0.8496724066824709,0.8496724066824709,1.0000000000000002,0.2722841219061268,3.5231402240375576,32.074135369252076
compact_aligned,11,10,m10_compact_aligned_s11,501,1250,-648.3334238179276,12.82657522871436,0.0,0.0,0.0,0.0,0.9658239686747523,0.9658239686747523,1.0000000000000002,0.2722841219061268,1.8284388226959427,29.698273490048226
compact_aligned,11,10,m10_compact_aligned_s11,1251,2000,-648.5292358791464,12.778318547432143,0.0,0.0,0.0,0.0,0.9662051016188349,0.9662051016188349,1.0000000000000002,0.2722841219061268,1.8284388226959427,29.698273490048226
compact_aligned,12,10,m10_compact_aligned_s12,501,1250,-648.9538922026131,12.714705668452451,0.0,0.0,0.0,0.0,0.9666772385604288,0.9666772385604288,1.0000000000000002,0.2722841219061268,1.8284388226959427,29.698273490048226
compact_aligned,12,10,m10_compact_aligned_s12,1251,2000,-648.1111194280351,12.971633325682259,0.0,0.0,0.0,0.0,0.9653324020297135,0.9653324020297135,1.0000000000000002,0.2722841219061268,1.8284388226959427,29.698273490048226
compact_aligned,13,10,m10_compact_aligned_s13,501,1250,-648.2800533970758,12.954885805506718,0.0,0.0,0.0,0.0,0.9649854421983161,0.9649854421983161,1.0000000000000002,0.2722841219061268,1.8284388226959427,29.698273490048226
compact_aligned,13,10,m10_compact_aligned_s13,1251,2000,-647.7752746904198,12.903413967778967,0.0,0.0,0.0,0.0,0.9657922797505574,0.9657922797505574,1.0000000000000002,0.2722841219061268,1.8284388226959427,29.698273490048226
compact_aligned,14,10,m10_compact_aligned_s14,501,1250,-648.4532564282838,12.823039474924885,0.0,0.0,0.0,0.0,0.9660140908358449,0.9660140908358449,1.0000000000000002,0.2722841219061268,1.8284388226959427,29.698273490048226
compact_aligned,14,10,m10_compact_aligned_s14,1251,2000,-648.6863105310957,12.741612484053483,0.0,0.0,0.0,0.0,0.9664178905401299,0.9664178905401299,1.0000000000000002,0.2722841219061268,1.8284388226959427,29.698273490048226
compact_tilted40,11,10,m10_compact_tilted40_s11,501,1250,-583.9383087847551,26.07501010540892,39.99999999999999,40.00000000000001,-2.1316282072803006e-14,0.0,0.8361557047882311,0.8361557047882311,1.0000000000000002,0.2722841219061269,1.8284388226959427,29.698273490048226
compact_tilted40,11,10,m10_compact_tilted40_s11,1251,2000,-584.1762469752744,26.282572602032506,39.99999999999999,40.00000000000001,-2.1316282072803006e-14,0.0,0.8362266590318744,0.8362266590318744,1.0000000000000002,0.2722841219061269,1.8284388226959427,29.698273490048226
compact_tilted40,12,10,m10_compact_tilted40_s12,501,1250,-583.8692877191684,27.036801008878978,39.99999999999999,40.00000000000001,-2.1316282072803006e-14,0.0,0.8298699383678073,0.8298831703865478,1.0000000000000002,0.2722841219061269,1.8284388226959427,29.698273490048226
compact_tilted40,12,10,m10_compact_tilted40_s12,1251,2000,-583.6715868167471,26.94520956385517,39.99999999999999,40.00000000000001,-2.1316282072803006e-14,0.0,0.8349114526242805,0.8349114526242805,1.0000000000000002,0.2722841219061269,1.8284388226959427,29.698273490048226
compact_tilted40,13,10,m10_compact_tilted40_s13,501,1250,-584.3178013795116,26.12648701266477,39.99999999999999,40.00000000000001,-2.1316282072803006e-14,0.0,0.8387789380151813,0.8387789380151813,1.0000000000000002,0.2722841219061269,1.8284388226959427,29.698273490048226
compact_tilted40,13,10,m10_compact_tilted40_s13,1251,2000,-584.0339622081733,26.513164717092614,39.99999999999999,40.00000000000001,-2.1316282072803006e-14,0.0,0.8321825799180514,0.8321825799180514,1.0000000000000002,0.2722841219061269,1.8284388226959427,29.698273490048226
compact_tilted40,14,10,m10_compact_tilted40_s14,501,1250,-584.3859496817403,25.341079773996384,39.99999999999999,40.00000000000001,-2.1316282072803006e-14,0.0,0.8400172216540086,0.8400172216540086,1.0000000000000002,0.2722841219061269,1.8284388226959427,29.698273490048226
compact_tilted40,14,10,m10_compact_tilted40_s14,1251,2000,-583.8154026566812,26.719718605038338,39.99999999999999,40.00000000000001,-2.1316282072803006e-14,0.0,0.8336092245792922,0.8336092245792922,1.0000000000000002,0.2722841219061269,1.8284388226959427,29.698273490048226
expanded_aligned,11,10,m10_expanded_aligned_s11,501,1250,-613.4721978215205,12.657160300599195,0.0,0.0,0.0,0.0,0.9672774006668845,0.9672774006668845,1.0000000000000002,0.2722841219061269,3.523140224037568,32.074135369252076
expanded_aligned,11,10,m10_expanded_aligned_s11,1251,2000,-613.3190737980281,12.686155439635474,0.0,0.0,0.0,0.0,0.9669551896601247,0.9669551896601247,1.0000000000000002,0.2722841219061269,3.523140224037568,32.074135369252076
expanded_aligned,12,10,m10_expanded_aligned_s12,501,1250,-613.5457045891995,12.640930097976767,0.0,0.0,0.0,0.0,0.9671548075585379,0.9671548075585379,1.0000000000000002,0.2722841219061269,3.523140224037568,32.074135369252076
expanded_aligned,12,10,m10_expanded_aligned_s12,1251,2000,-613.6817203683125,12.59932331851835,0.0,0.0,0.0,0.0,0.9674440441417421,0.9674440441417421,1.0000000000000002,0.2722841219061269,3.523140224037568,32.074135369252076
expanded_aligned,13,10,m10_expanded_aligned_s13,501,1250,-613.7754450521087,12.561505336750367,0.0,0.0,0.0,0.0,0.967661190374534,0.967661190374534,1.0000000000000002,0.2722841219061269,3.523140224037568,32.074135369252076
expanded_aligned,13,10,m10_expanded_aligned_s13,1251,2000,-613.6972819176885,12.61214006442465,0.0,0.0,0.0,0.0,0.967321676159722,0.967321676159722,1.0000000000000002,0.2722841219061269,3.523140224037568,32.074135369252076
expanded_aligned,14,10,m10_expanded_aligned_s14,501,1250,-612.5421904785395,12.846437086625473,0.0,0.0,0.0,0.0,0.9659532910225617,0.9659532910225617,1.0000000000000002,0.2722841219061269,3.523140224037568,32.074135369252076
expanded_aligned,14,10,m10_expanded_aligned_s14,1251,2000,-613.2974633939365,12.652791966868904,0.0,0.0,0.0,0.0,0.9673475739807728,0.9673475739807728,1.0000000000000002,0.2722841219061269,3.523140224037568,32.074135369252076
expanded_tilted,11,10,m10_expanded_tilted_s11,501,1250,-548.6945401724598,25.670247686432326,39.99999999999999,39.99999999999999,-7.105427357601002e-15,0.0,0.8489688965254656,0.8489688965254656,1.0000000000000002,0.2722841219061268,3.5231402240375576,32.074135369252076
expanded_tilted,11,10,m10_expanded_tilted_s11,1251,2000,-548.8429843007283,25.493363606117114,39.99999999999999,39.99999999999999,-7.105427357601002e-15,0.0,0.8506496203918731,0.8506496203918731,1.0000000000000002,0.2722841219061268,3.5231402240375576,32.074135369252076
expanded_tilted,12,10,m10_expanded_tilted_s12,501,1250,-549.1140671778896,25.473381168223106,39.99999999999999,39.99999999999999,-7.105427357601002e-15,0.0,0.8486954422918096,0.8486954422918096,1.0000000000000002,0.2722841219061268,3.5231402240375576,32.074135369252076
expanded_tilted,12,10,m10_expanded_tilted_s12,1251,2000,-549.060004670128,25.44674093011432,39.99999999999999,39.99999999999999,-7.105427357601002e-15,0.0,0.8487609839570107,0.8487609839570107,1.0000000000000002,0.2722841219061268,3.5231402240375576,32.074135369252076
expanded_tilted,13,10,m10_expanded_tilted_s13,501,1250,-548.6108177821936,25.819046107021244,39.99999999999999,39.99999999999999,-7.105427357601002e-15,0.0,0.8470151503570282,0.8470151503570282,1.0000000000000002,0.2722841219061268,3.5231402240375576,32.074135369252076
expanded_tilted,13,10,m10_expanded_tilted_s13,1251,2000,-548.2647984826543,26.307964227746215,39.99999999999999,39.99999999999999,-7.105427357601002e-15,0.0,0.8458026977931978,0.8458026977931978,1.0000000000000002,0.2722841219061268,3.5231402240375576,32.074135369252076
expanded_tilted,14,10,m10_expanded_tilted_s14,501,1250,-548.8623187990297,25.272162753133713,39.99999999999999,39.99999999999999,-7.105427357601002e-15,0.0,0.8503871634567047,0.8505089875603165,1.0000000000000002,0.2722841219061268,3.5231402240375576,32.074135369252076
expanded_tilted,14,10,m10_expanded_tilted_s14,1251,2000,-548.7988391008595,25.438979597229064,39.99999999999999,39.99999999999999,-7.105427357601002e-15,0.0,0.8490479669676028,0.8490479669676028,1.0000000000000002,0.2722841219061268,3.5231402240375576,32.074135369252076
