chain,start_tilt_deg,segment,n_samples,sl_tilt_mean,sl_tilt_sd,sl_tilt_min,sl_tilt_q025,sl_tilt_q975,sl_tilt_max,body_tilt_mean,body_tilt_sd,body_tilt_min,body_tilt_q025,body_tilt_q975,body_tilt_max,m_x_mean,m_x_sd,m_x_min,m_x_q025,m_x_q975,m_x_max,U_kBT_mean,U_kBT_sd,U_kBT_min,U_kBT_q025,U_kBT_q975,U_kBT_max,twist_mean_of_cubes_mean,twist_mean_of_cubes_min,twist_mean_of_cubes_max,twist_single_cube_min,twist_single_cube_max,offaxis_mean,offaxis_max
lat_tilt00_s31,0.0,run 1 (501-2000),1500,4.399253143327706,2.3265633538984605,0.1989637901146502,0.5630384349154801,9.714867288114688,12.794590822599863,4.357792343419028,2.285030888189321,0.17964409079016067,0.8093281729449618,9.488463197965007,12.646818103428753,0.9631335016080308,0.009214093531366627,0.9237601380103588,0.9423166277205014,0.9778992414141834,0.9832744190388572,-660.1449166228379,6.049154026980967,-676.4091499854634,-670.9140477268129,-646.8743297227242,-637.2111474058871,13.571312599426538,9.830210602977338,16.019958362358253,-0.4673711334341942,28.519859862383623,3.2330034810552206,4.788656547595277
lat_tilt00_s31,0.0,continuation (2001-3500),1500,4.542731661895577,2.58248160519205,0.6744759717006737,1.059907842540527,10.859008551231932,13.608741160834786,4.5307852041919565,2.604170986921149,0.42235293192590756,0.9945369021319954,10.855603517243976,13.629621848303763,0.9605397462373271,0.00999045659707164,0.9226101143737708,0.9381705383383377,0.9769732984105935,0.985096772043469,-660.6848322674626,6.300251060892526,-679.068750792773,-672.0915019000053,-647.4508026342838,-639.7395060226634,14.38560938458906,12.62914352896328,15.89268661709605,0.38124260135697413,30.015919145105318,5.993892875807156,6.659338508227336
lat_tilt00_s31,0.0,both (501-3500),3000,4.470992402611641,2.458902328632003,0.1989637901146502,0.753086619529333,10.08897666241057,13.608741160834786,4.444288773805493,2.4513298384795497,0.17964409079016067,0.8862954433939917,9.994469095027899,13.629621848303763,0.9618366239226789,0.009697229658110398,0.9226101143737708,0.9398066066579608,0.9774455985549148,0.985096772043469,-660.4148744451503,6.181876022862023,-679.068750792773,-671.5900556868634,-647.1850023840459,-637.2111474058871,13.978460992007799,9.830210602977338,16.019958362358253,-0.4673711334341942,30.015919145105318,4.613448178431187,6.659338508227336
lat_tilt00_s32,0.0,run 1 (501-2000),1500,4.6458472046667545,2.296647991308711,0.6036335841718448,0.8275027663205984,9.009109454070176,9.987000908600129,4.664115619524087,2.305691380894709,0.5442593106706669,0.8112687542809212,9.035495708913604,10.062309003981097,0.9638619833837091,0.009066856350362997,0.917757596622243,0.9433594840212095,0.978096990872615,0.9872936140219686,-660.5185142814559,5.890444683115323,-678.0879060964246,-670.4770491060516,-647.6975961748064,-637.2985227612986,10.965143712634408,6.744951068768098,14.100063252942626,-2.0667110131544684,30.0382352303463,1.3126646168217737,2.2592669020583753
lat_tilt00_s32,0.0,continuation (2001-3500),1500,4.277473391233599,1.9811213039009663,0.22389459654009505,0.8002214701824892,8.461098516109796,9.48390857220119,4.2701422664221855,1.957736730459509,0.1689136668583516,1.1663227785226615,8.311867275368463,9.32290691213404,0.9635120393895699,0.009216005505555465,0.9248309941717527,0.9425095097418901,0.9784579711521934,0.9843819627833641,-661.0634723577657,5.804606368176866,-676.7116236635611,-671.6998733784245,-648.7699696649253,-638.7986327617388,13.682170025235244,11.799031900164186,15.248802757604308,-0.9314950267106861,31.75381820801802,2.4987277128640892,3.897237817371829
lat_tilt00_s32,0.0,both (501-3500),3000,4.461660297950177,2.1525895161368136,0.22389459654009505,0.8275027663205984,8.566221056723466,9.987000908600129,4.467128942973137,2.147853969803303,0.1689136668583516,0.8338609229522982,8.687038859949645,10.062309003981097,0.9636870113866395,0.009143409428546431,0.917757596622243,0.9427047346145438,0.9783937269048898,0.9872936140219686,-660.7909933196107,5.854027814538837,-678.0879060964246,-671.1424329622655,-648.2267874315711,-637.2985227612986,12.323656868934824,6.744951068768098,15.248802757604308,-2.0667110131544684,31.75381820801802,1.9056961648429316,3.897237817371829
lat_tilt00_s33,0.0,run 1 (501-2000),1500,4.617304756655142,2.460140815636991,0.1687378736898365,1.1244811049649557,10.519064812197884,13.318271168269174,4.612384740032437,2.4772799754919617,0.2682023839701289,1.1690720872240836,10.300452997899942,13.602703374083383,0.9632202910162767,0.009299044989488052,0.9180990060629666,0.942156508147032,0.9780198526417367,0.9854316622576907,-660.8938652291505,5.865804189441413,-676.6226991452891,-671.1492163720294,-648.7196779246511,-630.9546673471594,14.45888619462618,12.184500633114752,16.318859420415,0.1713421872434416,31.17285350666339,3.764317737696462,6.43409677423208
lat_tilt00_s33,0.0,continuation (2001-3500),1500,5.022071248505968,2.4654771095634955,0.2758482680283597,1.4045946353643262,9.966480987962727,12.005247515016483,5.091335022039855,2.528019857046254,0.37806414318858617,1.2491848340123284,10.253205058185646,12.69173940709095,0.9599553297165452,0.00982551858872617,0.9082549118358604,0.9378871991769197,0.9757089543918248,0.9819823344316392,-660.8106009650729,5.927728342921739,-678.6867850956513,-671.5542487674956,-648.0315850950459,-640.5423766087388,16.122201743824363,14.866675923251542,18.040966859196587,1.5047723791857963,32.481280493114745,7.321444080735793,8.713896251561287
lat_tilt00_s33,0.0,both (501-3500),3000,4.819688002580555,2.471111912379447,0.1687378736898365,1.1244811049649557,10.133165731721816,13.318271168269174,4.8518598810361455,2.514209335050595,0.2682023839701289,1.196304799461533,10.255083668637734,13.602703374083383,0.9615878103664108,0.00970420113657736,0.9082549118358604,0.9396172506509481,0.9769246187834978,0.9854316622576907,-660.8522330971117,5.896994512681114,-678.6867850956513,-671.406309601097,-648.4098024593532,-630.9546673471594,15.290543969225272,12.184500633114752,18.040966859196587,0.1713421872434416,32.481280493114745,5.542880909216126,8.713896251561287
lat_tilt00_s34,0.0,run 1 (501-2000),1500,4.4351918920773965,2.365099856744357,0.2347804682298759,0.4608730390769778,8.89424127399649,13.310230279163562,4.463643863625011,2.3713167550591483,0.14631128328799842,0.41436273337835405,8.978246251072774,13.256437566054242,0.9632183433614577,0.00939463900663396,0.9269668514184063,0.9418459747645318,0.9777738103151724,0.9850033354559657,-661.1163478136076,6.0252998471495145,-677.3735726364814,-671.5254301504314,-648.1387456055932,-636.3034340858164,15.033646595101168,11.118426214423732,16.27764789959222,-0.3322563193392161,31.925767123284633,1.8567814163991097,2.4773445308124273
lat_tilt00_s34,0.0,continuation (2001-3500),1500,4.545527058321784,1.9525855083397732,0.36334466853139435,1.063330886317289,8.409316699432235,10.648340638891947,4.494850821822032,1.910595261975685,0.31009901495661624,1.0334175627823226,8.218634157945434,10.59300272884551,0.9626805868121695,0.00936320348213781,0.9137998026619834,0.9415194907574821,0.9772698785236011,0.9836780445137528,-661.457571708921,5.773161403979868,-675.4997620327285,-671.3389035634061,-649.324715558894,-636.2191517354938,14.608313878968941,13.327151862060278,15.640599389017844,-1.4677082534044448,32.041592175646564,4.904182102784509,8.050172623089567
lat_tilt00_s34,0.0,both (501-3500),3000,4.4903594751995906,2.1693748436134492,0.2347804682298759,0.6040368224002678,8.624877025189566,13.310230279163562,4.479247342723522,2.153369957186658,0.14631128328799842,0.5490376958129836,8.547245374030474,13.256437566054242,0.9629494650868136,0.009382787767130757,0.9137998026619834,0.9415993311389008,0.9775824439440819,0.9850033354559657,-661.2869597612644,5.903043609775773,-677.3735726364814,-671.4864691738269,-648.7235377670387,-636.2191517354938,14.820980237035057,11.118426214423732,16.27764789959222,-1.4677082534044448,32.041592175646564,3.38048175959181,8.050172623089567
lat_tilt20_s31,20.0,run 1 (501-2000),1500,5.561890382832727,2.786163271986116,0.5290988307904745,1.1218765929108687,11.373227492007418,13.257198301238867,5.542215015207361,2.7923057526589603,0.61743067614182,1.1299335156277632,11.370356637198906,12.985988815290293,0.9625089258647435,0.009413084423361822,0.9163827231683869,0.9412887520699966,0.9772114322464069,0.9855270804438526,-659.9016842440268,6.130137641859891,-675.3968046233728,-670.3224385525677,-646.8863646255243,-633.1053711579875,11.930723471675199,6.6834460651401,15.618673168249915,-0.360221241242472,28.365845747144615,2.688646433643441,5.455356911484172
lat_tilt20_s31,20.0,continuation (2001-3500),1500,4.93110556871103,2.7327705659571886,0.11636718485899619,1.1612111117272186,11.202765408098562,12.314852877755623,4.8776607984748805,2.7182741982885954,0.10909480104372316,0.8832799574086291,11.11347534636903,12.348277191778019,0.9604819967031542,0.009494309588619491,0.9214020117330134,0.9393533599009631,0.9757566698553455,0.9840950787714334,-660.159010892781,5.981069114247201,-675.7621466994448,-670.7120190426878,-647.8562567062368,-633.1368273494876,15.532581414366579,14.534669855276789,17.069102057482283,5.423880614718243,29.261251207801713,7.100745911941516,8.869092284265763
lat_tilt20_s31,20.0,both (501-3500),3000,5.246497975771879,2.7775605740640135,0.11636718485899619,1.1218765929108687,11.351668204264843,13.257198301238867,5.209937906841121,2.7755001519457974,0.10909480104372316,0.9582322286947853,11.230800194820915,12.985988815290293,0.9614954612839489,0.009507951773093392,0.9163827231683869,0.9397632084530307,0.9766171201735248,0.9855270804438526,-660.030347568404,6.057428652474121,-675.7621466994448,-670.597916576279,-647.3160487733146,-633.1053711579875,13.731652443020888,6.6834460651401,17.069102057482283,-0.360221241242472,29.261251207801713,4.894696172792479,8.869092284265763
lat_tilt20_s32,20.0,run 1 (501-2000),1500,4.574537626741341,2.4375879330720123,0.16294895784492586,0.9885820549860118,10.074789877981019,11.063162148181249,4.508522687195674,2.4112424489909436,0.3399948131964938,0.9249371040725864,9.955353231534858,10.84845581279175,0.9617210600158043,0.009843613661743975,0.9113974307913087,0.9378543200523899,0.9773519115872216,0.981865946820164,-659.4656428987602,5.963545333580908,-674.7931812456324,-669.6784191622904,-646.4958432090796,-635.689432398992,15.976965364446649,13.699459143998878,17.26237101452752,0.6287847462568835,30.08349341479928,4.2324653818544125,6.643783629364809
lat_tilt20_s32,20.0,continuation (2001-3500),1500,4.367736871773377,2.1763339015293366,0.2724949348447304,0.7005955048255345,9.341324109025503,10.881511688630622,4.504322942369066,2.2449923738780124,0.19133498262929405,0.7399466815947229,9.71540527794803,11.243635002792518,0.9605753926861638,0.009463298959830786,0.920034842726858,0.938313974039332,0.9754936932720686,0.9809877158204645,-660.8672899584453,5.745358149082044,-675.1247272052487,-671.1333920344359,-649.0826759657843,-640.745569506618,16.297223821071377,14.536481196776194,17.377008750325036,2.643671716872028,32.387176232778835,6.714948597954447,7.6874046210371585
lat_tilt20_s32,20.0,both (501-3500),3000,4.4711372492573584,2.3129685966882305,0.16294895784492586,0.944794115618539,10.04337237567928,11.063162148181249,4.506422814782369,2.3296018678643975,0.19133498262929405,0.7833877041841527,9.858754902265142,11.243635002792518,0.9611482263509841,0.009672306703674928,0.9113974307913087,0.9379805183820631,0.9767449669324557,0.981865946820164,-660.1664664286027,5.897258704129404,-675.1247272052487,-670.514042863328,-647.4351542991452,-635.689432398992,16.137094592759016,13.699459143998878,17.377008750325036,0.6287847462568835,32.387176232778835,5.47370698990443,7.6874046210371585
lat_tilt20_s33,20.0,run 1 (501-2000),1500,4.577944078537071,2.4021654188655064,0.29197172327095045,0.6596585410551573,10.151249369901116,14.081818922992458,4.601404041180375,2.3769026004672624,0.14347873521243784,0.9390458637539035,9.944539163147498,14.200356284276955,0.9630217806569108,0.009357721283887867,0.9136577725562959,0.9416248075197112,0.9777296205230365,0.98278494576267,-660.299086006721,5.896349593171104,-675.5045791881497,-670.541397879504,-647.2879501136231,-637.6843954106381,15.981961109743578,10.151431560585944,19.666631026823502,0.026597731610305847,30.08675485739108,3.109597022301423,6.114688548115784
lat_tilt20_s33,20.0,continuation (2001-3500),1500,4.20667200238959,2.231427357787828,0.07192054322416434,0.7763682947105383,8.875840887406339,11.097368356494295,4.175241259773735,2.270138170907482,0.06520680234096485,0.6796227656431685,9.08299223074137,10.997051475751794,0.9603713181173626,0.008920770832181386,0.922976068989456,0.9410416692010376,0.97557400604264,0.9797916308177989,-660.8948314042955,5.5402338402522675,-677.1369360394207,-670.4436588260423,-649.2590065903469,-642.5367625813262,15.971476323051231,14.271601327420976,17.361725090748166,4.183435651365773,32.113417934451256,7.5276786310771096,8.508577505678916
lat_tilt20_s33,20.0,both (501-3500),3000,4.392308040463331,2.3257889231334694,0.07192054322416434,0.6596585410551573,10.052367063448537,14.081818922992458,4.388322650477055,2.3338809572520325,0.06520680234096485,0.7500287559737578,9.879302914295737,14.200356284276955,0.9616965493871367,0.009237412400234162,0.9136577725562959,0.9413862485759384,0.9768610253636356,0.98278494576267,-660.5969587055083,5.728812521759244,-677.1369360394207,-670.4908738335353,-647.9510696523176,-637.6843954106381,15.976718716397405,10.151431560585944,19.666631026823502,0.026597731610305847,32.113417934451256,5.318637826689266,8.508577505678916
lat_tilt20_s34,20.0,run 1 (501-2000),1500,4.833020333839068,2.09153894117789,0.2827486850425325,1.0991692253931291,9.078317830402883,11.304867070263121,4.8601719544583055,2.0700583950833216,0.49955106947496314,1.1737832099754204,8.883520804612631,11.540793859185284,0.9630274321694738,0.009246673629984738,0.9165533724982521,0.9418861384894973,0.9776912723521776,0.984839247496664,-660.330476649522,5.936728343137455,-677.9080398028779,-671.1640690767309,-647.7268358812061,-637.8920876955793,11.894667668085324,5.822735702610987,14.737063201449148,-0.21595161899036652,30.976610406952968,2.996619429925585,6.187045536516694
lat_tilt20_s34,20.0,continuation (2001-3500),1500,5.458984387610849,2.4571506375933145,0.5222057552879491,1.398824935452931,10.939393279969268,12.92333611683237,5.3375906474088834,2.3506642407157634,0.537902517074518,1.398559432657196,10.698088796954428,12.673831492582579,0.9602595364573836,0.009503934597293713,0.9134322007122085,0.9399058451507747,0.9756605556596142,0.9824511303130621,-659.9115792221863,5.9441732695269,-678.1358837874801,-670.4080055549879,-647.7640075016418,-635.9192423511307,13.160408145840519,11.5027477876351,14.875812844909012,-1.0623457284434181,30.22113088263952,6.258476480138008,7.184690329080251
lat_tilt20_s34,20.0,both (501-3500),3000,5.146002360724958,2.3030457981329815,0.2827486850425325,1.0991692253931291,10.283845360011961,12.92333611683237,5.098881300933594,2.227636464486977,0.49955106947496314,1.239859905390135,9.81676374312242,12.673831492582579,0.9616434843134287,0.009477773192728219,0.9134322007122085,0.9405468296785651,0.9770336468497366,0.984839247496664,-660.1210279358542,5.944143201744215,-678.1358837874801,-670.7388119446599,-647.7424758691421,-635.9192423511307,12.527537906962923,5.822735702610987,14.875812844909012,-1.0623457284434181,30.976610406952968,4.627547955031797,7.184690329080251
lat_tilt40_s31,40.0,run 1 (501-2000),1500,5.318950209729089,2.4419710991619286,0.3725627824350779,1.4934610852303523,10.618280368205157,13.104028212184483,5.32656901330011,2.4382118303479876,0.5062881955282762,1.4749538555298436,10.537066612299121,13.141082198760461,0.962359000496834,0.009306650171325153,0.9177090316381199,0.9403976338747838,0.9773915183785331,0.984208059045647,-659.7790388300655,5.628799321053605,-673.2299884783831,-669.85072514815,-647.2373163067384,-638.3161468281132,12.046737150731735,7.909463152198949,14.457470280451638,0.5766076428970244,29.179032139445464,2.4794665854884426,3.6905442672354165
lat_tilt40_s31,40.0,continuation (2001-3500),1500,4.779020292794909,2.596748453281469,0.22108017051362405,0.8915645558383078,10.212991571652365,14.319184476790797,4.728958498428138,2.5417905001380605,0.2655559373590614,0.8914089087858956,9.953266045417813,13.851133502571036,0.960821390036702,0.010027727034179389,0.9245482070739169,0.9378579926234886,0.977017984721619,0.9821337148791992,-660.3324637618675,6.245066178968126,-675.9604902707281,-671.6376828273466,-647.2813615532896,-638.8460828240186,15.211505415496312,12.861676496052077,16.20163216186657,1.7993060220060906,29.823776235557666,5.853275251500717,8.13569051392932
lat_tilt40_s31,40.0,both (501-3500),3000,5.048985251262,2.5349642538270727,0.22108017051362405,0.9661243045779337,10.224365601401725,14.319184476790797,5.027763755864124,2.5084003906856407,0.2655559373590614,1.0046489277051138,10.217710276254913,13.851133502571036,0.9615901952667679,0.009704410591246444,0.9177090316381199,0.9389972489483936,0.9772802388549413,0.984208059045647,-660.0557512959665,5.951360052708756,-675.9604902707281,-670.7542939917245,-647.2575672681292,-638.3161468281132,13.629121283114024,7.909463152198949,16.20163216186657,0.5766076428970244,29.823776235557666,4.1663709184945805,8.13569051392932
lat_tilt40_s32,40.0,run 1 (501-2000),1500,4.69435854577435,2.3969869532600487,0.37417587766445604,0.8665411106273319,9.485673259405486,12.916359410502508,4.700637916025493,2.3780298769700017,0.2695554826373092,0.7907462610196517,9.557095965100526,13.111410486285543,0.9631160781388971,0.009134902748704862,0.9261167472434392,0.943007107456365,0.9778396124668607,0.9841862641463949,-660.1719690771212,5.87636853256685,-674.1477967682438,-670.7214859957124,-647.9537270635108,-636.2268598718179,15.588022183640849,11.906673781327955,17.838313030421073,-0.6333330240405314,29.61791736397611,2.8149386496990316,4.665111015702022
lat_tilt40_s32,40.0,continuation (2001-3500),1500,4.568552605371842,2.194024485293058,0.14861204376492057,0.8642335658111879,10.069048066880535,12.02778792984326,4.629372525104627,2.28082020707511,0.45782294174179144,0.8902934821827003,10.113831255501527,12.67424149223838,0.9615192396099194,0.009809950462757495,0.923823068815632,0.9395027390589185,0.9770022145567443,0.9849250262469752,-661.2223943534723,6.078915770414636,-676.2551264791134,-671.4755535193677,-648.1602380445971,-638.6041626305494,14.771392924548177,13.4216344870605,17.123245377194785,-0.9758434760263093,28.796940749567526,5.672587134379469,6.592136602181869
lat_tilt40_s32,40.0,both (501-3500),3000,4.631455575573096,2.298608651280665,0.14861204376492057,0.8642335658111879,9.810424844491704,12.916359410502508,4.66500522056506,2.3302045286557638,0.2695554826373092,0.8587265358084225,9.947065964341935,13.111410486285543,0.9623176588744081,0.00951200617519421,0.923823068815632,0.9406618636567172,0.977361385521516,0.9849250262469752,-660.6971817152968,6.001525668733592,-676.2551264791134,-671.0758654659736,-647.9686734338517,-636.2268598718179,15.179707554094513,11.906673781327955,17.838313030421073,-0.9758434760263093,29.61791736397611,4.24376289203925,6.592136602181869
lat_tilt40_s33,40.0,run 1 (501-2000),1500,4.621432726119575,2.2634628318900862,0.10391000481735474,0.8104879287608961,9.390561668238636,11.816836770577686,4.626182107675917,2.27062464485877,0.06554501153810373,0.8493968118560342,9.442945792840359,11.961886646085253,0.9633460514428556,0.009224305929073558,0.9199927325811631,0.9428589402783532,0.9786159437046082,0.9846636347042846,-660.4787841157225,5.914772798493525,-676.3531427884399,-671.2458354335938,-648.2796578715232,-639.6954158133705,11.093421627867558,8.113362190753778,13.67336344319696,-0.5539734525115232,30.661543354436137,2.4466115534698565,4.210770636447947
lat_tilt40_s33,40.0,continuation (2001-3500),1500,5.114360778745329,2.4801974353567786,0.48999713893453556,1.249857983080857,10.17323613908189,13.848264295850226,5.082225131718126,2.4983557568006765,0.04176448663220872,1.1077065050728208,10.274216882115473,13.969538318050308,0.9621104914293125,0.009568398388932545,0.9200822899766445,0.9397319596922017,0.9776570710895524,0.9858166278840008,-661.2063462746027,5.934422077409228,-676.76815159933,-671.8451997115777,-648.6005289159684,-637.9957717682801,14.65622618113094,12.504517351590707,16.0335989178117,0.49595769470207113,30.853597195068005,4.812634060376263,6.165330909458488
lat_tilt40_s33,40.0,both (501-3500),3000,4.867896752432452,2.3870622470131506,0.10391000481735474,0.9506302651988041,9.730164006019256,13.848264295850226,4.854203619697022,2.398072703784007,0.04176448663220872,0.9119665909195529,9.778940210555938,13.969538318050308,0.9627282714360842,0.0094182103362582,0.9199927325811631,0.9414158836748305,0.9783233129537359,0.9858166278840008,-660.8425651951626,5.9357634722990005,-676.76815159933,-671.4971126019641,-648.3958259104335,-637.9957717682801,12.87482390449925,8.113362190753778,16.0335989178117,-0.5539734525115232,30.853597195068005,3.6296228069230603,6.165330909458488
lat_tilt40_s34,40.0,run 1 (501-2000),1500,4.624475110077112,2.432354523126008,0.17302405349641242,1.0663969376707882,10.389589788268045,12.073826636236863,4.593897074668204,2.4632003828198923,0.12533010819066615,0.9211750771176334,10.47648369774842,11.984722383364915,0.9619398341504752,0.00962894984251954,0.9056693119595036,0.940797560028471,0.9768590487357051,0.9874869135628528,-659.9017062769825,5.9106695041227235,-674.9307039115987,-670.4523005584743,-646.9418831495144,-634.2295751298174,16.780097754328228,15.391415818352153,18.803976187273207,2.000059444233001,31.265669790558373,4.335575024834916,6.98612674829789
lat_tilt40_s34,40.0,continuation (2001-3500),1500,4.9696153615381,2.430086863038135,0.39678477961148834,0.9522199468328292,9.73123048086685,13.897839520461378,4.958183262001964,2.424717215554674,0.3684144897518811,1.0179139176171115,9.843722638924453,13.653373696876024,0.9604148062214829,0.009537900680300125,0.9217012276362998,0.9389415742228286,0.9757772779811696,0.9837628112961689,-660.3206210215644,5.923069898947745,-675.2520060168666,-670.2398448112485,-647.7910714226151,-636.8305710991427,15.722032827832352,14.720776366149597,17.220214927694894,0.07778888854077878,26.91771843463809,6.793855017300776,7.908952531054053
lat_tilt40_s34,40.0,both (501-3500),3000,4.797045235807606,2.437337849444692,0.17302405349641242,1.0439264406988176,9.898631990437476,13.897839520461378,4.776040168335084,2.450812305590981,0.12533010819066615,0.9577816247073787,9.881914694277679,13.653373696876024,0.961177320185979,0.009613820248713045,0.9056693119595036,0.9392085945240106,0.9764460705962669,0.9874869135628528,-660.1111636492735,5.9205791860425805,-675.2520060168666,-670.2614579407008,-647.2697330886584,-634.2295751298174,16.251065291080288,14.720776366149597,18.803976187273207,0.07778888854077878,31.265669790558373,5.564715021067847,7.908952531054053
lat_tilt60_s31,60.0,run 1 (501-2000),1500,4.581734743562059,2.3850473849149236,0.37263805326192617,1.067919018707116,9.796734707206543,12.570877517508626,4.588765515478856,2.4168811330173976,0.24887566672660213,0.9811030779565559,9.703534943243351,12.778019014800483,0.9628252510672192,0.009341903150642891,0.9230915667425748,0.9406545758257243,0.978496685238125,0.9836304451982362,-659.867698421283,5.903934243324111,-676.7577525799076,-670.8967382974466,-646.9507302864729,-640.1573145152922,13.763185067461476,10.823497595331727,16.362866766817376,0.8926386356500308,29.104346846317338,2.3646467533638025,3.1688498204180084
lat_tilt60_s31,60.0,continuation (2001-3500),1500,5.5273180637720225,2.724284754753369,0.3999655696176875,1.0683819466236713,11.310780662538438,14.521352857383842,5.49913796244634,2.679020002995196,0.3102818343432842,1.0411036377970206,11.25422471941918,14.210920544135014,0.9616013245774178,0.009856355090771738,0.9164579679111299,0.9392465302684255,0.977286672808988,0.9822899070063461,-660.5189897467252,6.138954995956268,-677.3955278333116,-671.4668010648477,-647.1216490755467,-636.3445778882689,15.826652687222566,13.6123545139489,17.145853769568376,-0.7060546646731191,31.83651463283048,3.86783808263217,5.347989930439444
lat_tilt60_s31,60.0,both (501-3500),3000,5.054526403667041,2.603578533576507,0.37263805326192617,1.0683819466236713,10.712308586117514,14.521352857383842,5.043951738962598,2.5916067973057393,0.24887566672660213,1.015505849042476,10.85905764373941,14.210920544135014,0.9622132878223184,0.009622055086560053,0.9164579679111299,0.9401524538664381,0.9779537350804106,0.9836304451982362,-660.1933440840041,6.031388653832945,-677.3955278333116,-671.2530966157718,-647.0810999352569,-636.3445778882689,14.794918877342019,10.823497595331727,17.145853769568376,-0.7060546646731191,31.83651463283048,3.116242417997987,5.347989930439444
lat_tilt60_s32,60.0,run 1 (501-2000),1500,4.935415039760719,2.66529482353049,0.1715718455309121,0.8929826625715949,10.704908676482084,12.745793262414068,4.799335075362936,2.619455568578444,0.07084598717563945,0.7478682913523353,10.256068516558512,12.333570506070494,0.9629634350832689,0.009720664056883412,0.9066771306027509,0.9405978451322042,0.9783589517197712,0.9838125635720048,-660.6225994735585,5.932626389189387,-676.1001671631425,-671.5143682872753,-647.8958155184249,-638.2484771990354,16.7243338004827,13.364310687426942,18.497355681091246,1.8639093950285819,30.147520430833303,3.3332311298298873,4.930592348128889
lat_tilt60_s32,60.0,continuation (2001-3500),1500,5.112932150473867,2.398059201672393,0.3240317719113676,0.8536269076029974,9.96576303281746,11.797923306422714,5.026447018866519,2.291102989878963,0.2741705860653668,1.173760168667598,9.596353788246521,11.205355177655187,0.9608230924264268,0.009723769306788057,0.9069357732642089,0.9389421605430631,0.9762535854736224,0.9841185991283653,-660.097749156719,5.967180420726962,-677.4975776895772,-670.8289436892749,-647.1009934299158,-636.4171189576055,14.817115469713626,12.990489092517691,17.08241981810461,0.09721971198342934,30.062402364675563,5.775384503196222,8.514420647375077
lat_tilt60_s32,60.0,both (501-3500),3000,5.0241735951172934,2.536753889655245,0.1715718455309121,0.8929826625715949,10.346903359532913,12.745793262414068,4.912891047114727,2.4633808377339803,0.07084598717563945,0.8455703414554068,9.92158160881361,12.333570506070494,0.9618932637548478,0.009780938926881403,0.9066771306027509,0.939787149260979,0.9773517288864313,0.9841185991283653,-660.3601743151387,5.955712886580278,-677.4975776895772,-671.2486741837708,-647.4286860013955,-636.4171189576055,15.770724635098164,12.990489092517691,18.497355681091246,0.09721971198342934,30.147520430833303,4.554307816513055,8.514420647375077
lat_tilt60_s33,60.0,run 1 (501-2000),1500,4.470038479632064,2.44820719398302,0.43922562948573823,0.8889580616522648,9.917489888192941,11.38614300565123,4.478653746147375,2.447169951458227,0.4619249436510005,0.8809598775487021,10.056923313141011,11.33425941193055,0.9643692799248907,0.00905645238248942,0.9238251332180757,0.9427059376575353,0.9784716074822619,0.9851955719767149,-661.0645973144119,5.727991548355355,-677.4051031430171,-671.3050183564642,-648.4107078953283,-635.8704821333592,14.86727468486117,11.653986072556897,20.99441466994717,-2.1502570502699085,30.931810555338675,1.4978898566774412,2.053910252347434
lat_tilt60_s33,60.0,continuation (2001-3500),1500,4.700778426631523,2.6587899196745584,0.030014186312388093,0.7015227507776733,10.177037236204635,14.126436339681485,4.673503357371932,2.631823660042136,0.15873638345268754,0.7645251601476372,9.90539907562885,14.359171237261261,0.9623851839034483,0.009317400044407566,0.926340213680557,0.9412712048356355,0.9778469606099153,0.9837029961665166,-660.5799229394411,5.779157912695834,-677.7095572030098,-671.511036160433,-649.1252297358577,-639.4790188178894,16.24571645881039,14.957907654755722,18.291576419777563,1.93311189670919,30.779506142495205,4.007017234675199,5.575660155279148
lat_tilt60_s33,60.0,both (501-3500),3000,4.585408453131793,2.5582711704590575,0.030014186312388093,0.7608143153029081,10.089548308339408,14.126436339681485,4.576078551759655,2.543041459982006,0.15873638345268754,0.8444680832344642,10.019308723789681,14.359171237261261,0.9633772319141695,0.009241255105638429,0.9238251332180757,0.9416377108330165,0.9781083617377055,0.9851955719767149,-660.8222601269265,5.758732845981916,-677.7095572030098,-671.4019220400016,-648.6138578352162,-635.8704821333592,15.556495571835779,11.653986072556897,20.99441466994717,-2.1502570502699085,30.931810555338675,2.7524535456763193,5.575660155279148
lat_tilt60_s34,60.0,run 1 (501-2000),1500,4.401509768322975,2.181220532280284,0.4276086740018093,1.2045422011533273,9.380761630038196,12.1072962162046,4.478581162242874,2.1258789201302664,0.42862029864402823,1.2752480080614652,9.492420070169327,11.878138310606957,0.9625851088379875,0.009327067184874478,0.9201825523566328,0.9409170844347889,0.9777226273516954,0.9858334639241396,-659.7119952428874,6.110563463094458,-676.6853215225542,-670.470958334334,-646.3918797478963,-634.6324876235072,13.593317408214881,9.202719867160132,17.36842542130141,-0.5938878302673058,30.466486671325246,3.3388728709810676,5.531759348082768
lat_tilt60_s34,60.0,continuation (2001-3500),1500,4.899327948151222,2.4453887964969363,0.2872017703884389,0.8856715664396403,9.69936785611901,12.011489179774589,5.007034207537669,2.4887011498695513,0.044251622308558676,1.051243072295675,9.905318977411932,11.463918227499539,0.9606303536513181,0.009707469522449583,0.9082242265033814,0.938757955574779,0.9762012023066338,0.9816439109892704,-659.8017165034993,5.939980865406207,-676.1584396843028,-670.0102591243718,-647.2162525345799,-634.3839179883627,14.551626974098248,12.79212095291882,15.73490264021273,0.9426600465718435,29.292031815522368,6.489633771492625,7.746990792968597
lat_tilt60_s34,60.0,both (501-3500),3000,4.650418858237099,2.3304034893723418,0.2872017703884389,1.0279590717864777,9.670207900767883,12.1072962162046,4.742807684890272,2.3294447736485324,0.044251622308558676,1.1288169255226392,9.844864272269598,11.878138310606957,0.9616077312446529,0.009569213152614883,0.9082242265033814,0.9401886677979258,0.9769356837158814,0.9858334639241396,-659.7568558731933,6.026042792338921,-676.6853215225542,-670.2805152845101,-646.9041485274317,-634.3839179883627,14.072472191156567,9.202719867160132,17.36842542130141,-0.5938878302673058,30.466486671325246,4.9142533212368456,7.746990792968597
