variable,chains,draws,mean,sd,rhat,ess_bulk,ess_tail,ess_mean,mcse_mean,mcse_batch,batch_size,tau_int_max,tau_reliable,geweke_max_abs,ess_target,mcse_target,status,scope
energy_kBT,4,1000,-555.8383722065485,8.928183702301453,1.0310031954182879,155.68479467447276,452.8548100994374,155.56771728020985,0.7159087517492729,nan,191,38.10206006653172,False,2.9942344146743025,400,nan,"high_rhat,low_ess",pooled
vdw_kBT,4,1000,-3.0938065195123374,0.8694043792442397,1.047195961917485,94.2519915522751,193.409901034143,95.54876103154041,0.08895361190551643,nan,470,93.88408054439917,False,2.9013369376072515,400,nan,"high_rhat,low_ess",pooled
dipole_kBT,4,1000,-46.745497750583915,6.509615264413857,1.0659216273622343,43.673179350690404,223.67570592588828,43.06434389301522,0.992089144335487,nan,869,173.662107820831,False,4.403649146012881,400,nan,"high_rhat,low_ess",pooled
local_beta_deg,4,1000,89.31812672121715,8.201934478806166,1.0206177877749194,158.484863991274,470.09150106709717,158.8399873599899,0.6508646240160398,nan,144,28.75431980242515,False,1.4297907381299364,400,0.25,"high_rhat,low_ess,high_mcse",pooled
body_tilt_deg,4,1000,57.66389998574839,21.8190819226417,1.0081405141941044,485.0416659408889,659.2075692188919,450.83813242263227,1.0277333401525475,0.9254066453462816,58,11.501685315899316,True,1.6393033838905589,400,0.5,high_mcse,pooled
body_order,4,1000,0.1804116864465933,0.07477359360239286,1.0170784243524256,285.3125179222482,521.8147810277234,274.4818289777956,0.0045138357033207375,0.0040862514401425465,74,14.726862147089086,True,2.5801330910249765,400,nan,"high_rhat,low_ess",pooled
sl_pca_tilt_deg,4,1000,13.248527622541998,7.222338475135949,1.0732062178397221,34.87342947326992,110.0784117849814,31.9839199183199,1.277221694423763,nan,1990,397.82445611870355,False,1.9615624603235229,400,0.5,"high_rhat,low_ess,high_mcse",pooled
sl_pca_order,4,1000,0.6817305032687639,0.08135772170373685,2.3337975626433547,5.0684693523960105,15.245253474675987,4.568794655367604,0.03806731557507877,nan,3084,616.7695866017737,False,5.720914447115887,400,nan,"high_rhat,low_ess",pooled
body_sl_difference_deg,4,1000,44.41537236320638,23.030232281980336,1.0137720391581757,299.9833468499339,410.0891134151996,330.8746730059986,1.2662540554902573,1.223909870374213,67,13.301892404424354,True,1.7691134031763276,400,nan,"high_rhat,low_ess",pooled
body_sl_axis_angle_deg,4,1000,57.693322659772285,21.634188978116487,1.007316736977868,498.5556760497155,931.1719061946002,470.04847691941075,0.9979840209719566,0.9882544738560946,87,17.34844432594544,True,1.9335932036455041,400,nan,passed,pooled
magnetization,4,1000,0.9307710615710694,0.013259741376636403,1.003896990906009,903.7225443676891,2359.938023536497,921.4215979845604,0.00043687797768515203,0.0004244975455403577,46,9.18934670129536,True,1.4483214831674263,400,0.002,passed,pooled
abs_muB,4,1000,0.9307710615710694,0.013259741376636403,1.003896990906009,903.7225443676891,2359.938023536497,921.4215979845604,0.00043687797768515203,0.0004244975455403577,46,9.18934670129536,True,1.4483214831674263,400,nan,passed,pooled
min_gap_nm,4,1000,1.9640976949120743,0.177851750277577,1.0051253482224287,1048.830123523924,1357.0865031121612,728.8867155894532,0.0065884373358588025,0.006032337504258697,45,8.973942971064805,True,3.778339948760735,400,nan,passed,pooled
p05_gap_nm,4,1000,7.641732663447301,1.252155645962095,1.0374515295694444,126.95093794918863,386.52551389669,127.02655164823669,0.11111312328759487,nan,141,28.163815546387422,False,5.139632807935632,400,nan,"high_rhat,low_ess",pooled
rg_nm,4,1000,83.55733453574014,4.882184232001689,1.7524283294849068,6.138536513073478,25.62463876516136,6.1248135543027855,1.9729769928083667,nan,2300,459.8172210915142,False,5.252195178945147,400,nan,"high_rhat,low_ess",pooled
n_bonds,4,1000,31.40725,2.4923678375191733,1.0682535868598204,81.26606718339339,92.80145269674125,77.85376969395607,0.28250530584842015,nan,1047,209.36200630716826,False,2.429448915372128,400,nan,"high_rhat,low_ess",pooled
energy_kBT,2,1000,-556.5477277160702,8.371270428188142,1.0355278232614473,93.42748991640399,363.25824315335683,92.51724089237403,0.870539809941816,0.6600760809672905,92,18.351203191279733,True,2.1991627969142145,400,nan,"fewer_than_4_chains,high_rhat,low_ess",compact_aligned
vdw_kBT,2,1000,-3.106826197571323,0.7271553206549731,1.016958810013096,74.23267369660925,175.3797020891022,74.31233201721554,0.08437335951974541,nan,159,31.718028242888728,False,1.404152120806906,400,nan,"fewer_than_4_chains,high_rhat,low_ess",compact_aligned
dipole_kBT,2,1000,-47.416597652326935,6.12412968044168,1.0734577842735444,20.565234472317414,53.690511054166016,20.93909764612281,1.3386714404471485,nan,343,68.5659530109539,False,1.12143809738934,400,nan,"fewer_than_4_chains,high_rhat,low_ess",compact_aligned
local_beta_deg,2,1000,89.64041465272909,8.343708587976176,1.0263690902015092,83.55469566846939,237.3498877084978,83.39236524791202,0.913912426275006,nan,144,28.75431980242515,False,0.9211092956592201,400,0.25,"fewer_than_4_chains,high_rhat,low_ess,high_mcse",compact_aligned
body_tilt_deg,2,1000,59.36887013045323,20.44190533299318,1.0047850889736556,282.7748924149742,528.7076716019111,263.9057664193799,1.2586516040086184,1.3426465834646901,44,8.685415048939053,True,1.6393033838905589,400,0.5,"fewer_than_4_chains,low_ess,high_mcse",compact_aligned
body_order,2,1000,0.18859295292466674,0.07808716941294033,1.0088788146442338,123.00136477099772,339.69055306149323,119.98028073238027,0.007130719355851361,0.00686700263523943,72,14.295333117745576,True,1.538330956013703,400,nan,"fewer_than_4_chains,low_ess",compact_aligned
sl_pca_tilt_deg,2,1000,12.694288320016446,7.6890384117472514,1.1465489387844932,14.410362627893042,56.487083068468394,9.996900940883869,2.4324724876801507,nan,1990,397.82445611870355,False,1.9615624603235229,400,0.5,"fewer_than_4_chains,high_rhat,low_ess,high_mcse",compact_aligned
sl_pca_order,2,1000,0.6680662794668489,0.10032822111455716,2.015675561750624,2.800849438423671,31.716068097385484,2.152970867910864,0.0683931546412348,nan,1904,380.755821628911,False,1.5165720827998934,400,nan,"fewer_than_4_chains,high_rhat,low_ess",compact_aligned
body_sl_difference_deg,2,1000,46.67458181043678,21.241756434798912,1.0138446743218497,201.6208211495749,396.11940445600317,206.23669324524408,1.479503705442729,1.384680922417636,65,12.880401199424991,True,0.9551703498060191,400,nan,"fewer_than_4_chains,high_rhat,low_ess",compact_aligned
body_sl_axis_angle_deg,2,1000,59.53993829268917,20.369253226737293,1.0092649620293335,253.37491185270318,569.4051279251596,241.68473918250265,1.3105665944271023,1.460069125848208,87,17.34844432594544,True,1.9335932036455041,400,nan,"fewer_than_4_chains,low_ess",compact_aligned
magnetization,2,1000,0.9308855343915751,0.013113836878712952,1.0013450911331445,579.8350758917495,1053.7240855533166,578.0300989780302,0.0005455859167114969,0.0005444027292161168,31,3.8137853349542943,True,1.4483214831674263,400,0.002,fewer_than_4_chains,compact_aligned
abs_muB,2,1000,0.9308855343915751,0.013113836878712952,1.0013450911331445,579.8350758917495,1053.7240855533166,578.0300989780302,0.0005455859167114969,0.0005444027292161168,31,3.8137853349542943,True,1.4483214831674263,400,nan,fewer_than_4_chains,compact_aligned
min_gap_nm,2,1000,1.9515829523913253,0.16034710889569365,1.005037341126796,634.5581766660891,898.7645451688488,539.6465815724143,0.006904226326446207,0.006804567636695394,31,3.945603966793958,True,3.778339948760735,400,nan,fewer_than_4_chains,compact_aligned
p05_gap_nm,2,1000,7.444748217336324,1.2229426862109263,1.0222634518918405,78.48077841728193,183.1072583366168,78.12010634063982,0.1383991082945556,nan,130,25.88808393563692,False,0.6059075636913207,400,nan,"fewer_than_4_chains,high_rhat,low_ess",compact_aligned
rg_nm,2,1000,80.42030506207304,3.2906077732272614,1.6231292602940752,3.412317273142625,22.74150840623868,3.2928960949711046,1.813826349106187,nan,2300,459.8172210915142,False,5.252195178945147,400,nan,"fewer_than_4_chains,high_rhat,low_ess",compact_aligned
n_bonds,2,1000,31.6575,2.695587830140209,1.1002551095624915,33.113310423747876,41.28864764689428,31.168292127231158,0.4829537970662919,nan,1047,209.36200630716826,False,1.1188577843277052,400,nan,"fewer_than_4_chains,high_rhat,low_ess",compact_aligned
energy_kBT,2,1000,-555.1290166970268,9.398956824267664,1.0290575183977255,68.43328157290628,252.9901627851991,68.43660976063542,1.1364334590264216,nan,191,38.10206006653172,False,2.9942344146743025,400,nan,"fewer_than_4_chains,high_rhat,low_ess",expanded_tilted
vdw_kBT,2,1000,-3.080786841453351,0.9912790045732675,1.0772909632381098,29.05386169924181,70.39995509036495,30.94840247435519,0.17823188102780219,nan,470,93.88408054439917,False,2.9013369376072515,400,nan,"fewer_than_4_chains,high_rhat,low_ess",expanded_tilted
dipole_kBT,2,1000,-46.07439784884089,6.807677084165649,1.0663197345432591,43.717021212146726,138.07478052265608,42.85182954012664,1.0402144050292046,nan,869,173.662107820831,False,4.403649146012881,400,nan,"fewer_than_4_chains,high_rhat,low_ess",expanded_tilted
local_beta_deg,2,1000,88.99583878970523,8.0447651529796,1.0193992567704622,64.60732629547437,214.60228852772826,64.68629168629433,1.0004971223693413,nan,142,28.266743855137562,False,1.4297907381299364,400,0.25,"fewer_than_4_chains,high_rhat,low_ess,high_mcse",expanded_tilted
body_tilt_deg,2,1000,55.958929841043535,22.98824334006787,1.0092646299315697,219.16189864309237,369.9980805408233,205.12363075072795,1.6054860594911389,1.4771989964506809,58,11.501685315899316,True,0.5990573809432532,400,0.5,"fewer_than_4_chains,low_ess,high_mcse",expanded_tilted
body_order,2,1000,0.1722304199685199,0.07036127010746658,1.0212607853354,168.1950678743354,255.37461006228583,163.17638047912482,0.005509518217398839,0.00471420647703223,74,14.726862147089086,True,2.5801330910249765,400,nan,"fewer_than_4_chains,high_rhat,low_ess",expanded_tilted
sl_pca_tilt_deg,2,1000,13.802766925067552,6.677474971320029,1.0388912545831472,19.048249128163413,71.16989323246123,18.697967132979624,1.5446271835142917,nan,747,149.30447361465332,False,1.6574145629568893,400,0.5,"fewer_than_4_chains,high_rhat,low_ess,high_mcse",expanded_tilted
sl_pca_order,2,1000,0.695394727070679,0.05290542302464152,1.8943487055284702,2.884312571503448,12.6419035944342,2.756436445429661,0.03187387024357244,nan,3084,616.7695866017737,False,5.720914447115887,400,nan,"fewer_than_4_chains,high_rhat,low_ess",expanded_tilted
body_sl_difference_deg,2,1000,42.15616291597598,24.48188977255856,1.009959807206406,155.079517614122,175.72363586413223,156.17739118025963,1.9594963416888271,2.082910072744915,67,13.301892404424354,True,1.7691134031763276,400,nan,"fewer_than_4_chains,low_ess",expanded_tilted
body_sl_axis_angle_deg,2,1000,55.8467070268554,22.679281511443435,1.0035626346913986,237.81381413962436,388.6169344054702,224.6077253482927,1.5136502876255482,1.2819113056005187,51,10.154840282775336,True,0.6110348950611892,400,nan,"fewer_than_4_chains,low_ess",expanded_tilted
magnetization,2,1000,0.9306565887505636,0.013403080131663987,1.007857905495892,357.1582594180638,1254.6062741100816,365.5324135633462,0.0007012134986099851,0.0006465702614839714,46,9.18934670129536,True,0.7102185057300802,400,0.002,"fewer_than_4_chains,low_ess",expanded_tilted
abs_muB,2,1000,0.9306565887505636,0.013403080131663987,1.007857905495892,357.1582594180638,1254.6062741100816,365.5324135633462,0.0007012134986099851,0.0006465702614839714,46,9.18934670129536,True,0.7102185057300802,400,nan,"fewer_than_4_chains,low_ess",expanded_tilted
min_gap_nm,2,1000,1.9766124374328233,0.19297164885460893,1.0039020985286815,516.4068819575242,689.940448858424,334.5379286911271,0.010553084768835524,0.009910142945339357,45,8.973942971064805,True,3.4900112644113905,400,nan,fewer_than_4_chains,expanded_tilted
p05_gap_nm,2,1000,7.838717109558279,1.2500371857082535,1.0329081472298984,67.23677867897676,292.6576291549115,68.65216614427598,0.15090527141913332,nan,141,28.163815546387422,False,5.139632807935632,400,nan,"fewer_than_4_chains,high_rhat,low_ess",expanded_tilted
rg_nm,2,1000,86.69436400940727,4.142636647821754,1.2190190308418374,7.49797165336732,24.21171624889946,6.7461073252482375,1.595360446715114,nan,890,177.8057906753261,False,4.2200630774227195,400,nan,"fewer_than_4_chains,high_rhat,low_ess",expanded_tilted
n_bonds,2,1000,31.157,2.243290217515335,1.0409001228151507,50.65885624481574,87.70009151586616,50.77790934417674,0.3148883950083983,nan,177,35.31809737880583,False,2.429448915372128,400,nan,"fewer_than_4_chains,high_rhat,low_ess",expanded_tilted
