start,seed,sweeps,name,elapsed_sec,init_mode,E_mean,body_tilt_mean,sl_pca_tilt_mean,rg_nm_mean,acc_dip,acc_cotilt,acc_scale
compact_aligned,11,1,m1_compact_aligned_s11,25.104612700175494,random,-648.5530111407322,0.0,0.0,29.698273490048226,0.2352962962962963,0.0,0.0
compact_aligned,12,1,m1_compact_aligned_s12,27.003953400067985,field,-648.9402689371426,0.0,0.0,29.698273490048226,0.23453703703703704,0.0,0.0
compact_aligned,13,1,m1_compact_aligned_s13,26.694565400015563,anti_field,-647.6497168313408,0.0,0.0,29.698273490048226,0.24024074074074073,0.0,0.0
compact_aligned,14,1,m1_compact_aligned_s14,27.11583140026778,body_easy,-648.8143216486849,0.0,0.0,29.698273490048226,0.23312962962962963,0.0,0.0
compact_tilted40,11,1,m1_compact_tilted40_s11,24.88551940023899,random,-583.7423971046198,39.99999999999999,40.00000000000001,29.698273490048226,0.27524074074074073,0.0,0.0
compact_tilted40,12,1,m1_compact_tilted40_s12,27.43789630010724,field,-583.2661342864089,39.99999999999999,40.00000000000001,29.698273490048226,0.2776111111111111,0.0,0.0
compact_tilted40,13,1,m1_compact_tilted40_s13,27.5294395997189,anti_field,-584.554341970856,39.99999999999999,40.00000000000001,29.698273490048226,0.2746851851851852,0.0,0.0
compact_tilted40,14,1,m1_compact_tilted40_s14,24.91202379995957,body_easy,-583.641667708009,39.99999999999999,40.00000000000001,29.698273490048226,0.26805555555555555,0.0,0.0
expanded_aligned,11,1,m1_expanded_aligned_s11,27.195172699633986,random,-612.6662875929078,0.0,0.0,32.074135369252076,0.23822222222222222,0.0,0.0
expanded_aligned,12,1,m1_expanded_aligned_s12,26.90065379999578,field,-613.6572081695031,0.0,0.0,32.074135369252076,0.2414814814814815,0.0,0.0
expanded_aligned,13,1,m1_expanded_aligned_s13,24.948374799918383,anti_field,-613.7846292004466,0.0,0.0,32.074135369252076,0.23957407407407408,0.0,0.0
expanded_aligned,14,1,m1_expanded_aligned_s14,27.50631560012698,body_easy,-613.332987060038,0.0,0.0,32.074135369252076,0.23612962962962963,0.0,0.0
expanded_tilted,11,1,m1_expanded_tilted_s11,27.246610200032592,random,-548.0916127118403,39.99999999999999,39.99999999999999,32.074135369252076,0.2825,0.0,0.0
expanded_tilted,12,1,m1_expanded_tilted_s12,27.330203200224787,field,-548.7744804368616,39.99999999999999,39.99999999999999,32.074135369252076,0.28375925925925927,0.0,0.0
expanded_tilted,13,1,m1_expanded_tilted_s13,28.664934900123626,anti_field,-547.8868623822111,39.99999999999999,39.99999999999999,32.074135369252076,0.2830925925925926,0.0,0.0
expanded_tilted,14,1,m1_expanded_tilted_s14,27.545184699818492,body_easy,-548.5829050561829,39.99999999999999,39.99999999999999,32.074135369252076,0.2803148148148148,0.0,0.0
compact_aligned,11,5,m5_compact_aligned_s11,64.2384135001339,random,-648.5695035542642,0.0,0.0,29.698273490048226,0.23452222222222222,0.0,0.0
compact_aligned,12,5,m5_compact_aligned_s12,64.59135850006714,field,-648.6224235331874,0.0,0.0,29.698273490048226,0.23407777777777777,0.0,0.0
compact_aligned,13,5,m5_compact_aligned_s13,64.25501690013334,anti_field,-648.0345407788615,0.0,0.0,29.698273490048226,0.23521851851851852,0.0,0.0
compact_aligned,14,5,m5_compact_aligned_s14,65.80171489994973,body_easy,-648.2037728589014,0.0,0.0,29.698273490048226,0.23547407407407409,0.0,0.0
compact_tilted40,11,5,m5_compact_tilted40_s11,62.953344099689275,random,-584.1535591426638,39.99999999999999,40.00000000000001,29.698273490048226,0.2716777777777778,0.0,0.0
compact_tilted40,12,5,m5_compact_tilted40_s12,64.57318580010906,field,-583.8524771799384,39.99999999999999,40.00000000000001,29.698273490048226,0.2709259259259259,0.0,0.0
compact_tilted40,13,5,m5_compact_tilted40_s13,63.46839539986104,anti_field,-583.5893626458998,39.99999999999999,40.00000000000001,29.698273490048226,0.2729185185185185,0.0,0.0
compact_tilted40,14,5,m5_compact_tilted40_s14,63.92981650028378,body_easy,-584.4623686777992,39.99999999999999,40.00000000000001,29.698273490048226,0.27153333333333335,0.0,0.0
expanded_aligned,11,5,m5_expanded_aligned_s11,65.79904510034248,random,-613.3738725473338,0.0,0.0,32.074135369252076,0.2369888888888889,0.0,0.0
expanded_aligned,12,5,m5_expanded_aligned_s12,65.40380619978532,field,-612.8667068780062,0.0,0.0,32.074135369252076,0.23702962962962962,0.0,0.0
expanded_aligned,13,5,m5_expanded_aligned_s13,63.90990139963105,anti_field,-613.4998746842688,0.0,0.0,32.074135369252076,0.2373,0.0,0.0
expanded_aligned,14,5,m5_expanded_aligned_s14,66.60272460011765,body_easy,-613.7436137765311,0.0,0.0,32.074135369252076,0.2370925925925926,0.0,0.0
expanded_tilted,11,5,m5_expanded_tilted_s11,64.4625279000029,random,-548.9864562037641,39.99999999999999,39.99999999999999,32.074135369252076,0.28164814814814815,0.0,0.0
expanded_tilted,12,5,m5_expanded_tilted_s12,63.97145069995895,field,-548.5357118562654,39.99999999999999,39.99999999999999,32.074135369252076,0.28072592592592593,0.0,0.0
expanded_tilted,13,5,m5_expanded_tilted_s13,64.53201840026304,anti_field,-548.4620923742034,39.99999999999999,39.99999999999999,32.074135369252076,0.28437407407407406,0.0,0.0
expanded_tilted,14,5,m5_expanded_tilted_s14,63.26849750010297,body_easy,-548.7100540875829,39.99999999999999,39.99999999999999,32.074135369252076,0.2829740740740741,0.0,0.0
compact_aligned,11,10,m10_compact_aligned_s11,108.72467429982498,random,-647.9227018987034,0.0,0.0,29.698273490048226,0.23443333333333333,0.0,0.0
compact_aligned,12,10,m10_compact_aligned_s12,111.42914299992844,field,-648.43647205428,0.0,0.0,29.698273490048226,0.23613148148148147,0.0,0.0
compact_aligned,13,10,m10_compact_aligned_s13,109.07534989994019,anti_field,-648.6452579349249,0.0,0.0,29.698273490048226,0.23450555555555555,0.0,0.0
compact_aligned,14,10,m10_compact_aligned_s14,111.09772579977289,body_easy,-648.277887254852,0.0,0.0,29.698273490048226,0.23522037037037036,0.0,0.0
compact_tilted40,11,10,m10_compact_tilted40_s11,108.64701339975,random,-584.4474136402798,39.99999999999999,40.00000000000001,29.698273490048226,0.27075925925925926,0.0,0.0
compact_tilted40,12,10,m10_compact_tilted40_s12,112.05422310018912,field,-583.9704942606979,39.99999999999999,40.00000000000001,29.698273490048226,0.27149074074074075,0.0,0.0
compact_tilted40,13,10,m10_compact_tilted40_s13,109.50729259988293,anti_field,-584.3193954854802,39.99999999999999,40.00000000000001,29.698273490048226,0.2714,0.0,0.0
compact_tilted40,14,10,m10_compact_tilted40_s14,111.75118130026385,body_easy,-583.9606236822258,39.99999999999999,40.00000000000001,29.698273490048226,0.27178703703703705,0.0,0.0
expanded_aligned,11,10,m10_expanded_aligned_s11,112.01285959966481,random,-613.5296249318789,0.0,0.0,32.074135369252076,0.23796111111111112,0.0,0.0
expanded_aligned,12,10,m10_expanded_aligned_s12,107.38497800007463,field,-613.4050086476133,0.0,0.0,32.074135369252076,0.23814074074074074,0.0,0.0
expanded_aligned,13,10,m10_expanded_aligned_s13,111.55970539990813,anti_field,-613.4922002827101,0.0,0.0,32.074135369252076,0.23796851851851852,0.0,0.0
expanded_aligned,14,10,m10_expanded_aligned_s14,103.57927840016782,body_easy,-613.0880205146594,0.0,0.0,32.074135369252076,0.23792777777777777,0.0,0.0
expanded_tilted,11,10,m10_expanded_tilted_s11,112.34471660014242,random,-548.4637086500468,39.99999999999999,39.99999999999999,32.074135369252076,0.28360555555555556,0.0,0.0
expanded_tilted,12,10,m10_expanded_tilted_s12,109.22753980010748,field,-548.5722076745493,39.99999999999999,39.99999999999999,32.074135369252076,0.28254074074074076,0.0,0.0
expanded_tilted,13,10,m10_expanded_tilted_s13,112.18615549989045,anti_field,-548.8144432794036,39.99999999999999,39.99999999999999,32.074135369252076,0.28199814814814816,0.0,0.0
expanded_tilted,14,10,m10_expanded_tilted_s14,109.26056439988315,body_easy,-548.4284613508482,39.99999999999999,39.99999999999999,32.074135369252076,0.2817962962962963,0.0,0.0
