scope,variable,chains,draws,mean,rhat_rank,ess_bulk,ess_tail,ess_mean,mcse_mean,ess_bulk_per_sec,mcse_target,status
all_starts,energy_kBT,12,1500,-624.3924322099554,1.7459971760777366,18.075523849745007,30.043951476670422,13.537237964624902,5.488559308043888,0.003804585049928965,nan,"high_rhat,low_ess"
all_starts,local_beta_deg,12,1500,15.276647235448278,1.3226400125934605,28.742988170055177,31.40223669551306,22.54865130866786,0.6672350368253933,0.006049901734030226,nan,"high_rhat,low_ess"
all_starts,body_tilt_deg,12,1500,7.756734527544773,1.8298353590552303,17.446129291784167,26.68833241122737,16.90404303551343,1.5012872090312386,0.003672108384487358,0.5,"high_rhat,low_ess,high_mcse"
all_starts,sl_pca_tilt_deg,12,1500,7.826445472949628,1.807117576124583,17.654414929424913,26.058819704658784,16.42549005685135,1.560546120373101,0.0037159489077092664,0.5,"high_rhat,low_ess,high_mcse"
all_starts,body_sl_difference_deg,12,1500,-0.06971094540485608,1.4599589688518129,23.894263680258053,43.410446957154235,23.350844125842784,0.1965922613084408,0.005029329115584824,nan,"high_rhat,low_ess"
all_starts,body_sl_axis_angle_deg,12,1500,1.0855751857314504,1.5962633020214898,20.349808141761734,43.776933216193726,18.876994045768217,0.20902309558848506,0.004283282546533866,nan,"high_rhat,low_ess"
all_starts,magnetization,12,1500,0.9548308345883213,1.2772802004037724,31.886779760630333,36.87029034215456,26.6426841479181,0.0029301965287060567,0.006711615473837738,nan,"high_rhat,low_ess"
all_starts,abs_muB,12,1500,0.9548308345883213,1.2772802004037724,31.886779760630333,36.87029034215456,26.6426841479181,0.0029301965287060567,0.006711615473837738,nan,"high_rhat,low_ess"
all_starts,body_order,12,1500,0.9857443335748162,2.7334371854405837,13.976363131023241,20.74820552844641,12.618266941084459,0.003145530886622358,0.002941782637266114,nan,"high_rhat,low_ess"
all_starts,sl_pca_order,12,1500,0.26701895717299096,2.96382013169343,13.670825005922225,15.226453276630615,13.336385230048979,0.0009743828010376161,0.0028774721479765297,nan,"high_rhat,low_ess"
all_starts,min_gap_nm,12,1500,1.8131715709355767,1.1933064900603527,41.82464735003747,134.83191586908643,43.31854968792849,0.0028927230930777623,0.008803364668667596,nan,"high_rhat,low_ess"
all_starts,rg_nm,12,1500,30.66497242313963,2.8016835489604595,13.895425051024615,25.436029670166587,12.075363976052241,0.29809908540956476,0.0029247465717173373,nan,"high_rhat,low_ess"
compact_aligned,energy_kBT,4,1500,-637.8176079110079,1.063287196122742,41.65527517389281,140.78281155830547,42.95426898085823,0.9588894569027586,0.024633028296451323,nan,"high_rhat,low_ess"
compact_aligned,local_beta_deg,4,1500,13.92323593552112,1.0196719535449614,434.6513786122048,1371.2690319274602,430.48686181754795,0.07874844303474342,0.257032984748026,nan,high_rhat
compact_aligned,body_tilt_deg,4,1500,4.869063005139484,1.357187000034341,9.592130531998814,40.2166213861251,9.440217570056026,0.7143302898995136,0.005672348143940975,0.5,"high_rhat,low_ess,high_mcse"
compact_aligned,sl_pca_tilt_deg,4,1500,4.87793791122791,1.3177665327613926,10.457942317777043,44.94989048114533,10.35517366519779,0.6937325364074178,0.006184349712276385,0.5,"high_rhat,low_ess,high_mcse"
compact_aligned,body_sl_difference_deg,4,1500,-0.00887490608842711,1.2624690631857114,12.456687437810245,55.82485301529553,11.925442114579626,0.13183350094259677,0.007366316339399513,nan,"high_rhat,low_ess"
compact_aligned,body_sl_axis_angle_deg,4,1500,0.6014306641213487,1.1758574705289198,16.60687687035416,140.06189654582704,18.756537213127814,0.07502322431800353,0.009820548925805776,nan,"high_rhat,low_ess"
compact_aligned,magnetization,4,1500,0.961130074118483,1.0187089921084704,458.6923837492873,1565.0457594476732,476.11511531641446,0.00044085956414418334,0.27124973778457884,nan,high_rhat
compact_aligned,abs_muB,4,1500,0.961130074118483,1.0187089921084704,458.6923837492873,1565.0457594476732,476.11511531641446,0.00044085956414418334,0.27124973778457884,nan,high_rhat
compact_aligned,body_order,4,1500,0.9935274605675245,1.7240923668305206,6.140636538594002,11.862873912484114,6.007982780280271,0.0009368778911687342,0.0036312921468398267,nan,"high_rhat,low_ess"
compact_aligned,sl_pca_order,4,1500,0.26654445916646724,1.844386220133004,5.793349211407475,13.859883939654587,5.077045672578286,0.0009753446299079405,0.003425922274191709,nan,"high_rhat,low_ess"
compact_aligned,min_gap_nm,4,1500,1.8058083575731423,1.0164382440338717,469.05417929142254,2313.3823514325136,356.4604215196039,0.0003172186470513421,0.2773772306825596,nan,"high_rhat,low_ess"
compact_aligned,rg_nm,4,1500,29.948723231830034,1.9592464280604152,5.51157798684457,12.2602392359447,5.498480762879253,0.031350044470727194,0.0032592956340168782,nan,"high_rhat,low_ess"
compact_tilted,energy_kBT,4,1500,-637.2896424640869,1.0611887007552716,51.98978106588959,261.08975901151143,56.59807999803159,0.8311208264849537,0.031853347688346176,nan,"high_rhat,low_ess"
compact_tilted,local_beta_deg,4,1500,14.079202877601812,1.0242762110615196,325.4469648689173,909.2259376197711,297.68065848738047,0.09861261801223202,0.1993964027843945,nan,"high_rhat,low_ess"
compact_tilted,body_tilt_deg,4,1500,5.282492148279238,1.5703918589071364,6.88607661460138,31.627559327370417,6.563248624977593,1.0577503228039364,0.004218994350745577,0.5,"high_rhat,low_ess,high_mcse"
compact_tilted,sl_pca_tilt_deg,4,1500,5.195476320280083,1.5244324799253093,7.1636471747083075,19.57532345914365,6.732991443616669,1.051118456420729,0.004389057608906437,0.5,"high_rhat,low_ess,high_mcse"
compact_tilted,body_sl_difference_deg,4,1500,0.08701582799915479,1.4405507994434865,8.03221494118262,25.19685521723653,8.153683732338559,0.2029923224300076,0.004921215861724098,nan,"high_rhat,low_ess"
compact_tilted,body_sl_axis_angle_deg,4,1500,0.69654645748166,1.248761046051611,12.110336070414386,39.97816541144979,11.061588649625602,0.12368230517059266,0.007419818617522944,nan,"high_rhat,low_ess"
compact_tilted,magnetization,4,1500,0.9603301186775421,1.0283995535641208,218.13873197082785,873.3504694233469,183.8329416782859,0.0007526320043655434,0.1336502814842704,nan,"high_rhat,low_ess"
compact_tilted,abs_muB,4,1500,0.9603301186775421,1.0283995535641208,218.13873197082785,873.3504694233469,183.8329416782859,0.0007526320043655434,0.1336502814842704,nan,"high_rhat,low_ess"
compact_tilted,body_order,4,1500,0.9926486657615253,1.5858789237386945,6.82160801193312,20.532888170776303,6.622208687136713,0.0009291672893551787,0.004179495418961822,nan,"high_rhat,low_ess"
compact_tilted,sl_pca_order,4,1500,0.2640805105348108,1.862100174734923,5.723485573562366,16.08704284872068,5.152995288562445,0.001230758876860223,0.0035066925119930964,nan,"high_rhat,low_ess"
compact_tilted,min_gap_nm,4,1500,1.8062534145655644,1.0104093149433033,786.9087097924538,2094.2493093305707,575.3757116651514,0.00026564811301653244,0.4821269914608754,nan,high_rhat
compact_tilted,rg_nm,4,1500,29.91912879847684,1.7848263597488063,5.916661069867498,22.53300571525831,5.421529122238595,0.025530016878969063,0.0036250481988708274,nan,"high_rhat,low_ess"
expanded_tilted,energy_kBT,4,1500,-598.0700462547715,1.21756221865464,13.045605371844074,12.626536907399203,10.110859183320882,3.2276044335557073,0.00913692053143075,nan,"high_rhat,low_ess"
expanded_tilted,local_beta_deg,4,1500,17.827502893221904,1.2026209088504707,13.658305478488835,11.663609500662979,9.41613396958358,1.2528996155500798,0.009566045284513863,nan,"high_rhat,low_ess"
expanded_tilted,body_tilt_deg,4,1500,13.118648429215597,1.4398050851519977,8.208770558832407,11.364698055810067,7.169261394775022,2.867090661806169,0.00574928354177235,0.5,"high_rhat,low_ess,high_mcse"
expanded_tilted,sl_pca_tilt_deg,4,1500,13.405922187340895,1.4696015987652091,7.87377300166727,11.393818311915728,6.742336276441157,3.0039260652412834,0.005514656939878702,0.5,"high_rhat,low_ess,high_mcse"
expanded_tilted,body_sl_difference_deg,4,1500,-0.287273758125296,1.5205557620897008,7.525655010392962,19.290522522275886,7.367106490595956,0.5324850907555043,0.0052708410086763436,nan,"high_rhat,low_ess"
expanded_tilted,body_sl_axis_angle_deg,4,1500,1.958748435591343,1.2883444803427355,11.289452530996977,23.030155331067256,11.764917625132604,0.29894009643093544,0.007906940895338315,nan,"high_rhat,low_ess"
expanded_tilted,magnetization,4,1500,0.9430323109689389,1.1851645407356384,14.939774011679107,20.2765720835503,11.830288886794397,0.004869417253810273,0.010463564090084905,nan,"high_rhat,low_ess"
expanded_tilted,abs_muB,4,1500,0.9430323109689389,1.1851645407356384,14.939774011679107,20.2765720835503,11.830288886794397,0.004869417253810273,0.010463564090084905,nan,"high_rhat,low_ess"
expanded_tilted,body_order,4,1500,0.9710568743953986,1.7390103905927095,6.174459271720812,17.78856876998459,5.710671332094231,0.002632582347868321,0.004324486452121935,nan,"high_rhat,low_ess"
expanded_tilted,sl_pca_order,4,1500,0.2704319018176948,2.4303350790422114,4.870593155996745,14.630749727648585,4.681818011614172,0.0010170881725630452,0.003411280759980715,nan,"high_rhat,low_ess"
expanded_tilted,min_gap_nm,4,1500,1.8274529406680238,1.002037440115854,1527.3779214176125,3181.991002214896,1352.9361262642947,0.0007218700297561132,1.0697495663615884,nan,checks_passed
expanded_tilted,rg_nm,4,1500,32.12706523911202,2.3554382525448165,4.966432352974409,12.829109215237873,4.658342166226464,0.025529023460961617,0.0034784049065129255,nan,"high_rhat,low_ess"
