chain,start,seed,init_entropy,sample_entropy,elapsed_sec,E_mean,local_beta,body_tilt,SL_PCA,body_SL_difference,magnetization,acc_mech,acc_cotilt,acc_gamma,acc_dip
0,compact_aligned,1,"[1, 0, 0]","[1, 0, 1]",427.9457312999293,-637.8735919131027,14.024062829240288,3.096776111333682,3.184183641646398,-0.08740753031271656,0.9622057395931521,0.6511296296296296,0.9455,0.27,0.7201592592592593
1,compact_aligned,2,"[2, 0, 0]","[2, 0, 1]",427.94145759986714,-637.7220473989158,13.807152332276711,4.713692111518984,5.031647945174735,-0.3179558336557515,0.9600515798180729,0.5965555555555555,0.9445,0.24,0.7161555555555555
2,compact_aligned,3,"[3, 0, 0]","[3, 0, 1]",428.55567010026425,-637.2466077256635,13.986739495274412,5.303966871249603,4.972731564301001,0.3312353069486011,0.9614567023215159,0.6343148148148148,0.935,0.2525,0.7192703703703703
3,compact_aligned,4,"[4, 0, 0]","[4, 0, 1]",406.5906052002683,-638.4281846063496,13.874989085293064,6.361816926455667,6.323188493789508,0.03862843266615844,0.9608062747411905,0.5921481481481482,0.9395,0.2485,0.7196259259259259
4,compact_tilted,1,"[1, 1, 0]","[1, 1, 1]",404.9631609003991,-636.8662489145645,14.23879917428379,6.726719955194494,6.4935138100675225,0.2332061451269712,0.958893012594488,0.6184814814814815,0.9215,0.28,0.7212111111111111
5,compact_tilted,2,"[2, 1, 0]","[2, 1, 1]",424.5295691001229,-638.0327439771798,13.999438826646811,3.044356497547618,3.0611677967869606,-0.0168112992393431,0.9616414320425001,0.6188888888888889,0.9325,0.2375,0.7199481481481481
6,compact_tilted,3,"[3, 1, 0]","[3, 1, 1]",406.6370490002446,-637.2867313211921,14.170660702468139,7.274187050934781,6.890411399121024,0.38377565181375756,0.959368031033548,0.6255185185185185,0.9345,0.2335,0.7216185185185185
7,compact_tilted,4,"[4, 1, 0]","[4, 1, 1]",396.0308835003525,-636.9728456434111,13.90791280700852,4.084705089440057,4.336812275144822,-0.2521071857047665,0.9614179990396324,0.6502037037037037,0.94,0.2685,0.7192555555555555
8,expanded_tilted,1,"[1, 2, 0]","[1, 2, 1]",373.0114350998774,-601.5794152203074,16.946929174579836,11.42446460380953,11.432669231962917,-0.008204628153385898,0.9474471861905921,0.9099074074074074,0.912,0.4445,0.7319888888888889
9,expanded_tilted,2,"[2, 2, 0]","[2, 2, 1]",375.33994450001046,-598.6545563570885,17.58908935751865,11.316700732862007,11.888971415611175,-0.57227068274917,0.9451931388140523,0.9101851851851852,0.917,0.448,0.7336185185185186
10,expanded_tilted,3,"[3, 2, 0]","[3, 2, 1]",375.2048065001145,-599.9844290545395,16.8296743067783,13.44499491154775,12.91652289085801,0.5284720206897373,0.9439662991776052,0.9112592592592592,0.9115,0.4515,0.7339407407407408
11,expanded_tilted,4,"[4, 2, 0]","[4, 2, 1]",304.23398970020935,-592.0617843871506,19.94431873401082,16.288433468643106,17.38552521093147,-1.0970917422883653,0.9355226196935064,0.9142407407407407,0.9175,0.442,0.7371740740740741
