case,n,energy_kBT,rel_err,richardson_rel_err,fast_kBT
A_face_1.8nm,4,-2.5733148199106695,-0.6566703619528647,nan,-7.495172378789454
A_face_1.8nm,8,-4.765499017052864,-0.364190871641762,-0.2666977082047278,-7.495172378789454
A_face_1.8nm,12,-5.862969294314983,-0.21776725096989547,-0.10062835443240215,-7.495172378789454
A_face_1.8nm,16,-6.436953888426868,-0.14118667815529273,-0.042725941679374824,-7.495172378789454
A_face_1.8nm,24,-6.961974672901923,-0.07113881828741175,-0.015100530393107103,-7.495172378789454
A_face_1.8nm,32,-7.179431558421687,-0.04212589176218029,-0.004823557658311106,-7.495172378789454
A_face_1.8nm,48,-7.349099763945979,-0.019488893311759514,-0.0013792945514228272,-7.495172378789454
A_face_1.8nm,64,-7.411775912536467,-0.011126690893593083,-0.0003752877845217828,-7.495172378789454
A_face_1.8nm,96,-7.4576993291521925,-0.004999624790926305,-9.79719087929043e-05,-7.495172378789454
A_face_1.8nm,128,-7.474010640297166,-0.0028233824951342523,-2.5356686258692918e-05,-7.495172378789454
A_face_3.0nm,4,-1.1863354155603718,-0.46898582128615995,nan,-2.2340936704058896
A_face_3.0nm,8,-1.7823311919044447,-0.2022128635364554,-0.11328854428655388,-2.2340936704058896
A_face_3.0nm,12,-1.9967183078747173,-0.1062513025642502,-0.029482053786486162,-2.2340936704058896
A_face_3.0nm,16,-2.0907072051782607,-0.06418104447768236,-0.010090712652094935,-2.2340936704058896
A_face_3.0nm,24,-2.166615244907775,-0.030203937458833208,-0.0030222518437539314,-2.2340936704058896
A_face_3.0nm,32,-2.195305550286985,-0.01736190412815486,-0.0008507184172825699,-2.2340936704058896
A_face_3.0nm,48,-2.2165719577635676,-0.007842872872532047,-0.00022764786803397552,-2.2340936704058896
A_face_3.0nm,64,-2.224177776870192,-0.0044384412645940285,-6.131491153105184e-05,-2.2340936704058896
A_face_3.0nm,96,-2.229664231229199,-0.0019826559805282695,-1.8027753275862146e-05,-2.2340936704058896
A_face_3.0nm,128,-2.231595257953996,-0.001118311414149309,-7.011257376343671e-06,-2.2340936704058896
B_V903_strongest_pair,4,-0.49160596541863105,-0.3328179309576508,nan,-0.7368392950432043
B_V903_strongest_pair,8,-0.6475319232696901,-0.12120332394634004,-0.05066512160923653,-0.7368392950432043
B_V903_strongest_pair,12,-0.6929166319341122,-0.05960955584828953,-0.010334541369849015,-0.7368392950432043
B_V903_strongest_pair,16,-0.7111181927198749,-0.034907343428014825,-0.0031473560305187442,-0.7368392950432043
B_V903_strongest_pair,24,-0.7250501851219912,-0.01599956734191532,-0.0008733464730358298,-0.7368392950432043
B_V903_strongest_pair,32,-0.7301328514775961,-0.009101636694355486,-0.00023286871892114203,-0.7368392950432043
B_tilted_core_2nm,4,-0.6969730975195101,-0.4029495602643962,nan,-1.1673604960883301
B_tilted_core_2nm,8,-0.9760780453292287,-0.16385893766326975,-0.08416206346289434,-1.1673604960883301
B_tilted_core_2nm,12,-1.0686563577139785,-0.08455326242844086,-0.021108722240577693,-1.1673604960883301
B_tilted_core_2nm,16,-1.108178837379615,-0.050696985984213794,-0.0071674876987788405,-1.1673604960883301
B_tilted_core_2nm,24,-1.1396667972146723,-0.0237233476432136,-0.0021444369704134436,-1.1673604960883301
B_tilted_core_2nm,32,-1.1514746289290503,-0.013608364521937588,-0.0006033862231540343,-1.1673604960883301
B_tilted_core_0.9nm,4,-0.49786744143671136,-0.4542656861308888,nan,-0.9122890549193499
B_tilted_core_0.9nm,8,-0.7179240458669636,-0.21305200145097536,-0.13264743989100425,-0.9122890549193499
B_tilted_core_0.9nm,12,-0.8027886230603726,-0.12002822051685968,-0.045609195769567235,-0.9122890549193499
B_tilted_core_0.9nm,16,-0.843017575799721,-0.07593150301003304,-0.01923572335839885,-0.9122890549193499
B_tilted_core_0.9nm,24,-0.8779833102823147,-0.037604029613254486,-0.006942050895831664,-0.9122890549193499
B_tilted_core_0.9nm,32,-0.892069942593092,-0.022163054809470784,-0.002310372918891801,-0.9122890549193499
C_cluster_compact_aligned,4,-32.482838234679654,-0.31816442346795304,nan,-47.64028066692253
C_cluster_compact_aligned,8,-42.15462280913817,-0.11514747144621984,-0.04747515410564218,-47.64028066692253
C_cluster_compact_aligned,12,-44.946508650011445,-0.056543999724615546,-0.009661222347332132,-47.64028066692253
C_cluster_compact_aligned,16,-46.063743849170606,-0.03309251741765107,-0.0029406115944108357,-47.64028066692253
C_cluster_expanded_tilted,4,-15.511837455474186,-0.21914457069803095,nan,-19.865184864425803
C_cluster_expanded_tilted,8,-18.468506728782216,-0.07030783479617797,-0.020695589495560163,-19.865184864425803
C_cluster_expanded_tilted,12,-19.205975701075417,-0.033184144413923145,-0.0034851921081192616,-19.865184864425803
C_cluster_expanded_tilted,16,-19.485838682536613,-0.019096030793477103,-0.0009827418529037013,-19.865184864425803
