tag,start,factor,move,step,tries,acceptance,blocked,msjd,sec_per_cycle
round1,compact_aligned,0.25,trans,0.025,3120,0.9743589743589743,0.0,0.0006148862246297929,1.6751971791663285
round1,compact_aligned,0.25,rot,0.5,3240,0.9719135802469135,0.0,0.08083227162154712,1.6751971791663285
round1,compact_aligned,0.25,cotilt,0.75,120,0.9666666666666667,0.0,0.18104229337812897,1.6751971791663285
round1,compact_aligned,0.25,gamma,0.5,120,0.8333333333333334,0.0,0.07498415297047539,1.6751971791663285
round1,compact_aligned,0.25,scale,0.0005,120,0.8916666666666667,0.0,5.5838139367888784e-08,1.6751971791663285
round1,compact_aligned,0.5,trans,0.05,3120,0.9522435897435897,0.0,0.0023453588993011427,1.6649080141670614
round1,compact_aligned,0.5,rot,1.0,3240,0.946604938271605,0.0,0.3082482519721391,1.6649080141670614
round1,compact_aligned,0.5,cotilt,1.5,120,0.8583333333333333,0.0,0.6419553454575533,1.6649080141670614
round1,compact_aligned,0.5,gamma,1.0,120,0.6083333333333333,0.0,0.1727064693599684,1.6649080141670614
round1,compact_aligned,0.5,scale,0.001,120,0.75,0.0,2.2686973641154887e-07,1.6649080141670614
round1,compact_aligned,1.0,trans,0.1,3120,0.9157051282051282,0.0,0.008985580520033641,1.6346759441667624
round1,compact_aligned,1.0,rot,2.0,3240,0.912962962962963,0.0,1.151703260639374,1.6346759441667624
round1,compact_aligned,1.0,cotilt,3.0,120,0.7833333333333333,0.0,2.053932967931302,1.6346759441667624
round1,compact_aligned,1.0,gamma,2.0,120,0.4,0.0,0.16854511773824488,1.6346759441667624
round1,compact_aligned,1.0,scale,0.002,120,0.5416666666666666,0.0,6.061027099166323e-07,1.6346759441667624
round1,compact_aligned,2.0,trans,0.2,3120,0.8057692307692308,0.0,0.03150161150861023,1.6676895849998497
round1,compact_aligned,2.0,rot,4.0,3240,0.796604938271605,0.0,3.7981388623874706,1.6676895849998497
round1,compact_aligned,2.0,cotilt,6.0,120,0.6,0.0,5.460485895337809,1.6676895849998497
round1,compact_aligned,2.0,gamma,4.0,120,0.175,0.0,0.24182106812646995,1.6676895849998497
round1,compact_aligned,2.0,scale,0.004,120,0.39166666666666666,0.0,7.93151126439758e-07,1.6676895849998497
round1,compact_aligned,4.0,trans,0.4,3120,0.7310897435897435,0.0,0.11165256640503807,1.5884634850003445
round1,compact_aligned,4.0,rot,8.0,3240,0.7037037037037037,0.0,12.733099516038594,1.5884634850003445
round1,compact_aligned,4.0,cotilt,12.0,120,0.375,0.0,9.714922800607342,1.5884634850003445
round1,compact_aligned,4.0,gamma,8.0,120,0.21666666666666667,0.0,0.3556820191877191,1.5884634850003445
round1,compact_aligned,4.0,scale,0.008,120,0.2,0.0,1.5170869337952242e-06,1.5884634850003445
round1,compact_tilted40,0.25,trans,0.025,3120,0.9727564102564102,0.0,0.0005999853385349741,1.7004371608326134
round1,compact_tilted40,0.25,rot,0.5,3240,0.9722222222222222,0.0,0.08028129383331138,1.7004371608326134
round1,compact_tilted40,0.25,cotilt,0.75,120,0.9333333333333333,0.0,0.16537767401829404,1.7004371608326134
round1,compact_tilted40,0.25,gamma,0.5,120,0.8666666666666667,0.0,0.05595472239626948,1.7004371608326134
round1,compact_tilted40,0.25,scale,0.0005,120,0.8333333333333334,0.0,5.998101429732528e-08,1.7004371608326134
round1,compact_tilted40,0.5,trans,0.05,3120,0.9448717948717948,0.0,0.0023619040900271266,1.7040251333334406
round1,compact_tilted40,0.5,rot,1.0,3240,0.9404320987654321,0.0,0.30772642072693646,1.7040251333334406
round1,compact_tilted40,0.5,cotilt,1.5,120,0.9,0.0,0.635187794468904,1.7040251333334406
round1,compact_tilted40,0.5,gamma,1.0,120,0.575,0.0,0.13367039523809818,1.7040251333334406
round1,compact_tilted40,0.5,scale,0.001,120,0.7083333333333334,0.0,2.0090066104002167e-07,1.7040251333334406
round1,compact_tilted40,1.0,trans,0.1,3120,0.8916666666666667,0.0,0.008785050280977785,1.7095514549999886
round1,compact_tilted40,1.0,rot,2.0,3240,0.8762345679012346,0.0,1.091090558665479,1.7095514549999886
round1,compact_tilted40,1.0,cotilt,3.0,120,0.75,0.0,1.749236663268804,1.7095514549999886
round1,compact_tilted40,1.0,gamma,2.0,120,0.3416666666666667,0.0,0.17825593612562082,1.7095514549999886
round1,compact_tilted40,1.0,scale,0.002,120,0.525,0.0,3.6986601908790013e-07,1.7095514549999886
round1,compact_tilted40,2.0,trans,0.2,3120,0.8358974358974359,0.0,0.0324901957247081,1.6703643766668392
round1,compact_tilted40,2.0,rot,4.0,3240,0.8058641975308642,0.0,3.7670419097634484,1.6703643766668392
round1,compact_tilted40,2.0,cotilt,6.0,120,0.5916666666666667,0.0,5.738882456793194,1.6703643766668392
round1,compact_tilted40,2.0,gamma,4.0,120,0.175,0.0,0.2078617373646275,1.6703643766668392
round1,compact_tilted40,2.0,scale,0.004,120,0.3333333333333333,0.0,8.308341494966358e-07,1.6703643766668392
round1,compact_tilted40,4.0,trans,0.4,3120,0.6772435897435898,0.0,0.10334419460811257,1.655727088334
round1,compact_tilted40,4.0,rot,8.0,3240,0.6484567901234568,0.0,10.901890996710184,1.655727088334
round1,compact_tilted40,4.0,cotilt,12.0,120,0.35833333333333334,0.0,9.146386040685742,1.655727088334
round1,compact_tilted40,4.0,gamma,8.0,120,0.05,0.0,0.005269055369545263,1.655727088334
round1,compact_tilted40,4.0,scale,0.008,120,0.2,0.0,7.019044981792872e-07,1.655727088334
round1,expanded_aligned,0.25,trans,0.025,3120,0.9926282051282052,0.0,0.0006182600292955797,1.3415611766666795
round1,expanded_aligned,0.25,rot,0.5,3240,0.991358024691358,0.0,0.08049167782187613,1.3415611766666795
round1,expanded_aligned,0.25,cotilt,0.75,120,0.95,0.0,0.16562827723427997,1.3415611766666795
round1,expanded_aligned,0.25,gamma,0.5,120,0.9833333333333333,0.0,0.07347389686240967,1.3415611766666795
round1,expanded_aligned,0.25,scale,0.0005,120,0.9333333333333333,0.0,7.477942383863431e-08,1.3415611766666795
round1,expanded_aligned,0.5,trans,0.05,3120,0.9839743589743589,0.0,0.002483049161325388,1.3172607400008323
round1,expanded_aligned,0.5,rot,1.0,3240,0.9799382716049383,0.0,0.31883977293407256,1.3172607400008323
round1,expanded_aligned,0.5,cotilt,1.5,120,0.8666666666666667,0.0,0.6029816964694047,1.3172607400008323
round1,expanded_aligned,0.5,gamma,1.0,120,0.9083333333333333,0.0,0.23162424385363775,1.3172607400008323
round1,expanded_aligned,0.5,scale,0.001,120,0.925,0.0,2.76105366574113e-07,1.3172607400008323
round1,expanded_aligned,1.0,trans,0.1,3120,0.958974358974359,0.0,0.009467112316053305,1.335102727499907
round1,expanded_aligned,1.0,rot,2.0,3240,0.9518518518518518,0.0,1.2357126910369942,1.335102727499907
round1,expanded_aligned,1.0,cotilt,3.0,120,0.8333333333333334,0.0,2.523830618764373,1.335102727499907
round1,expanded_aligned,1.0,gamma,2.0,120,0.7,0.0,0.7302652213937711,1.335102727499907
round1,expanded_aligned,1.0,scale,0.002,120,0.7416666666666667,0.0,7.015731922279427e-07,1.335102727499907
round1,expanded_aligned,2.0,trans,0.2,3120,0.8801282051282051,0.0,0.03484135841902702,1.3491152858332498
round1,expanded_aligned,2.0,rot,4.0,3240,0.8518518518518519,0.0,4.189113014465901,1.3491152858332498
round1,expanded_aligned,2.0,cotilt,6.0,120,0.6166666666666667,0.0,4.290151407334831,1.3491152858332498
round1,expanded_aligned,2.0,gamma,4.0,120,0.26666666666666666,0.0,0.535143802640043,1.3491152858332498
round1,expanded_aligned,2.0,scale,0.004,120,0.375,0.0,1.149198934085223e-06,1.3491152858332498
round1,expanded_aligned,4.0,trans,0.4,3120,0.7676282051282052,0.0,0.11752283258809476,1.3172841091669398
round1,expanded_aligned,4.0,rot,8.0,3240,0.7364197530864197,0.0,13.333951513816677,1.3172841091669398
round1,expanded_aligned,4.0,cotilt,12.0,120,0.3416666666666667,0.0,6.050835594827652,1.3172841091669398
round1,expanded_aligned,4.0,gamma,8.0,120,0.15,0.0,0.24504511833004233,1.3172841091669398
round1,expanded_aligned,4.0,scale,0.008,120,0.325,0.0,2.22906193226387e-06,1.3172841091669398
round1,expanded_tilted,0.25,trans,0.025,3120,0.9910256410256411,0.0,0.0006254081203359548,1.2822020658330682
round1,expanded_tilted,0.25,rot,0.5,3240,0.9891975308641975,0.0,0.08159374495246517,1.2822020658330682
round1,expanded_tilted,0.25,cotilt,0.75,120,0.9083333333333333,0.0,0.19068147614624886,1.2822020658330682
round1,expanded_tilted,0.25,gamma,0.5,120,0.9833333333333333,0.0,0.07675400887048217,1.2822020658330682
round1,expanded_tilted,0.25,scale,0.0005,120,0.9666666666666667,0.0,8.278451869042591e-08,1.2822020658330682
round1,expanded_tilted,0.5,trans,0.05,3120,0.9756410256410256,0.0,0.0024370093079373956,1.3019556841667508
round1,expanded_tilted,0.5,rot,1.0,3240,0.9768518518518519,0.0,0.30315119541764596,1.3019556841667508
round1,expanded_tilted,0.5,cotilt,1.5,120,0.9083333333333333,0.0,0.6405684444620653,1.3019556841667508
round1,expanded_tilted,0.5,gamma,1.0,120,0.8916666666666667,0.0,0.2732423297447226,1.3019556841667508
round1,expanded_tilted,0.5,scale,0.001,120,0.85,0.0,2.539314495229285e-07,1.3019556841667508
round1,expanded_tilted,1.0,trans,0.1,3120,0.9301282051282052,0.0,0.009089477584344079,1.3067968908338419
round1,expanded_tilted,1.0,rot,2.0,3240,0.9083333333333333,0.0,1.1253437658349454,1.3067968908338419
round1,expanded_tilted,1.0,cotilt,3.0,120,0.8416666666666667,0.0,2.08392350777863,1.3067968908338419
round1,expanded_tilted,1.0,gamma,2.0,120,0.39166666666666666,0.0,0.3150631943704728,1.3067968908338419
round1,expanded_tilted,1.0,scale,0.002,120,0.6333333333333333,0.0,6.6258383945191e-07,1.3067968908338419
round1,expanded_tilted,2.0,trans,0.2,3120,0.8990384615384616,0.0,0.03515883949546659,1.2584753458329943
round1,expanded_tilted,2.0,rot,4.0,3240,0.8740740740740741,0.0,4.324653070574912,1.2584753458329943
round1,expanded_tilted,2.0,cotilt,6.0,120,0.6666666666666666,0.0,5.256370562399621,1.2584753458329943
round1,expanded_tilted,2.0,gamma,4.0,120,0.19166666666666668,0.0,0.35162166500090886,1.2584753458329943
round1,expanded_tilted,2.0,scale,0.004,120,0.6083333333333333,0.0,1.983796997537367e-06,1.2584753458329943
round1,expanded_tilted,4.0,trans,0.4,3120,0.7740384615384616,0.0,0.11931406954431854,1.3133240216673585
round1,expanded_tilted,4.0,rot,8.0,3240,0.7509259259259259,0.0,13.821494065190599,1.3133240216673585
round1,expanded_tilted,4.0,cotilt,12.0,120,0.35833333333333334,0.0,8.67037548433951,1.3133240216673585
round1,expanded_tilted,4.0,gamma,8.0,120,0.18333333333333332,0.0,0.5590719515428263,1.3133240216673585
round1,expanded_tilted,4.0,scale,0.008,120,0.2833333333333333,0.0,2.4230841982181633e-06,1.3133240216673585
